RMS,MAV,SSI,IEMG,VAR
0.010714845876812077,0.008494002261530895,0.011480792216383675,0.8494002261530895,0.00011472989478651713
0.010455512157974758,0.008136589552743958,0.010931773448555799,0.8136589552743958,0.00010915779623720006
0.00945637587428263,0.0069760471145939055,0.008942304467571459,0.6976047114593905,8.651739092033474e-05
0.008230488213108154,0.00618941407438539,0.006774093622611227,0.618941407438539,6.773242759385553e-05
0.007773510311371297,0.005849816508783193,0.006042746256099588,0.5849816508783193,5.980480684726303e-05
0.007726637452893004,0.00582465840960737,0.005970092632844889,0.582465840960737,5.941730838736949e-05
0.007967624561660126,0.006031911074600061,0.006348304115556972,0.6031911074600061,6.31649281465017e-05
0.007952227928109137,0.0060114394308975,0.006323792902059894,0.60114394308975,6.225375863648366e-05
0.00807110873796971,0.006109392848291658,0.0065142796260131,0.6109392848291658,6.447633520086327e-05
0.009215744129995986,0.006714886157084249,0.008492993986955548,0.6714886157084249,8.468311497806987e-05
0.008221646161508972,0.005885975273765731,0.006759546560505521,0.5885975273765731,6.601304531596495e-05
0.008321320482332242,0.006032921423972293,0.006924437456968211,0.6032921423972293,6.797038477029969e-05
0.008589399251394273,0.006499729086096102,0.007377777949985249,0.6499729086096102,7.202238775771806e-05
0.008221411673606276,0.005993032646602132,0.0067591609906909565,0.5993032646602132,6.662167045735047e-05
0.008425066995141844,0.006301928684825371,0.007098175387262842,0.6301928684825371,7.033704013571904e-05
0.009016434515030557,0.007003572247561389,0.008129609136383432,0.7003572247561389,8.036088912071475e-05
0.009239443219825857,0.007127921541815694,0.0085367311012386,0.7127921541815694,8.536657797761655e-05
0.009656972884506265,0.007614416365820447,0.009325712529208923,0.7614416365820447,9.325674767566575e-05
0.009428743359926463,0.007494183343451052,0.008890120134735736,0.7494183343451052,8.864885490528981e-05
0.0079831305744523,0.00662564301196611,0.00637303737687551,0.662564301196611,6.288985074741158e-05
0.007913470831450936,0.006528753084488894,0.006262302060022479,0.6528753084488894,6.260260904681416e-05
0.00771428717491256,0.006126447518612264,0.0059510226617020415,0.6126447518612265,5.947050679674121e-05
0.0075556422188528104,0.005967702045135943,0.005708772933931103,0.5967702045135943,5.6880437909215926e-05
0.007672789419281777,0.00623309642994755,0.0058871697472642395,0.623309642994755,5.87842867394032e-05
0.007515123161797456,0.00603285847497769,0.005647707613698459,0.603285847497769,5.628989544892454e-05
0.006966286712999766,0.005568595287465705,0.004852915056771708,0.5568595287465705,4.83717219593148e-05
0.006291397387583912,0.005104542779916256,0.0039581681088497675,0.5104542779916256,3.905467081731515e-05
0.006222586750743306,0.0050971809504563185,0.0038720585870526134,0.5097180950456318,3.8197619368691386e-05
0.005619313998274826,0.0046951567718820095,0.0031576689811207413,0.469515677188201,3.1403957308239655e-05
0.005357165339230094,0.004381740419838973,0.0028699220471848294,0.43817404198389726,2.8467064574074268e-05
0.005209996379373743,0.004185625315261238,0.002714406227308751,0.4185625315261238,2.6486794718802952e-05
0.0053300346594096415,0.004422203075752567,0.002840926947050805,0.44222030757525665,2.6967069294203633e-05
0.005485884480374002,0.004510386531818828,0.0030094928532008332,0.45103865318188274,2.9919405798488392e-05
0.0055516047934666395,0.004579901819446174,0.003082031578284177,0.4579901819446174,3.028955476740709e-05
0.005789483658222884,0.004741875002904474,0.0033518121028829825,0.47418750029044743,3.348577016031933e-05
0.005837021044441491,0.004793004987164651,0.0034070814673252832,0.47930049871646513,3.392568128612157e-05
0.0057963086278331934,0.004736310629137151,0.003359719370909352,0.4736310629137151,3.324149843753043e-05
0.005630243139535272,0.004619622336321706,0.0031699637810284,0.4619622336321706,3.1341567283287745e-05
0.005830022922169933,0.0048123074954742745,0.0033989167273026847,0.48123074954742745,3.377682736667674e-05
0.005913044536797606,0.004945627243455101,0.003496409569415201,0.4945627243455101,3.488276416152294e-05
0.006481580856088683,0.0054959019120038935,0.0042010890394015305,0.5495901912003893,4.124236022073266e-05
0.006726032475750071,0.005825409005265894,0.004523951286484463,0.5825409005265894,4.521901896596279e-05
0.006912142290848859,0.005985488026142896,0.004777771104894132,0.5985488026142896,4.721325396008824e-05
0.007115941689532424,0.006185980305255753,0.005063662612882556,0.6185980305255753,5.058841898675929e-05
0.007951429143466365,0.0067935590859004,0.0063225225423566254,0.67935590859004,6.179458921848448e-05
0.007859712970932789,0.006619826937530671,0.006177508798544911,0.6619826937530671,6.119503353958795e-05
0.008160867755421733,0.007031429121532397,0.006659976252148215,0.7031429121532397,6.60209236763372e-05
0.007780883460046142,0.006538656561888436,0.0060542147418819635,0.6538656561888436,6.037991789199334e-05
0.007788902932865014,0.006501907106001378,0.006066700889759322,0.6501907106001378,6.021862031516255e-05
0.007968068596340727,0.006722533708643306,0.006349011715599128,0.6722533708643306,6.309447742556886e-05
0.0076558417573021125,0.006473187900804488,0.00586119130128507,0.6473187900804488,5.8607610158653274e-05
0.00749418568903887,0.0061663394251251025,0.0056162819141795,0.6166339425125102,5.54300448003018e-05
0.007242682254360305,0.005874679908491281,0.005245644623762567,0.5874679908491282,5.2126969986468136e-05
0.007420224987152152,0.006017238622774746,0.005505973885995715,0.6017238622774747,5.434059151884229e-05
0.007198950479039896,0.005945910727387755,0.005182488799966875,0.5945910727387754,5.182481914909516e-05
0.007782676634281667,0.00649267838785962,0.006057005559379381,0.6492678387859621,6.0568702872981816e-05
0.008609485105678417,0.007060575068896219,0.007412323378489852,0.7060575068896219,7.412128527882494e-05
0.009169331225145917,0.007727484321464571,0.008407663511643591,0.772748432146457,8.359854103621057e-05
0.009236412437042724,0.007802156580738968,0.008531131470715752,0.7802156580738968,8.52607676341111e-05
0.00983621479845706,0.008364738895013489,0.009675112156138569,0.8364738895013489,9.654593313601218e-05
0.01036312907477269,0.00892848265686949,0.010739444422039907,0.8928482656869491,0.00010651980953112775
0.010687477274765355,0.009418855469430379,0.01142221704986259,0.9418855469430378,0.00011375502295187502
0.011348990159439675,0.010190116691905348,0.012879957763905858,1.0190116691905349,0.00012863349531043577
0.011880303590414481,0.010633344153114939,0.014114161340041523,1.0633344153114939,0.00014001221428553426
0.011523425797612005,0.010215339978455551,0.013278934211306988,1.021533997845555,0.00013226220507478706
0.011304131669801524,0.009963181380092275,0.012778339280820977,0.9963181380092275,0.00012681760441586858
0.011616323199401887,0.01017741034322037,0.01349389646729625,1.017741034322037,0.00013474280774376495
0.01232697808867986,0.010741845398917586,0.015195438879879336,1.0741845398917587,0.00015187166413735593
0.012225733387401346,0.010639118531195469,0.014946855685982002,1.0639118531195468,0.0001489509265450227
0.011790271680812519,0.01013624355361326,0.013901050630736966,1.013624355361326,0.00013871762886229233
0.011536279627591453,0.009807917611394653,0.013308574764598157,0.9807917611394653,0.00013250123981921989
0.011464817970990334,0.009714337860490497,0.013144205110794293,0.9714337860490496,0.00013141757732312663
0.011822294562866726,0.009991715378235306,0.013976664873118818,0.9991715378235305,0.00013931750793391088
0.011152967716126323,0.009323072794530795,0.012438868887695602,0.9323072794530795,0.00012355032169746917
0.011327138906200924,0.009447318216051407,0.012830407580037066,0.9447318216051407,0.00012830406678202493
0.011687383196995808,0.009864638115689129,0.013659492599341993,0.9864638115689128,0.00013659363024347892
0.010846126290538202,0.009075191590076902,0.011763845551030397,0.9075191590076902,0.00011686841268834643
0.010559266017767183,0.00877441119734796,0.011149809883397283,0.877441119734796,0.00011092281169535487
0.010969057233673873,0.00910633114804154,0.012032021659561312,0.9106331148041539,0.0001202190607981064
0.011166550184375807,0.009286408426470261,0.012469184302018337,0.9286408426470262,0.00012420401666166756
0.012091209017651651,0.010085448783427481,0.014619733550854061,1.0085448783427482,0.0001451218461688004
0.013545642053891534,0.011167291855096826,0.018348441865215486,1.1167291855096826,0.00018244907334731433
0.013730382116585282,0.011094992943831247,0.018852339306744494,1.1094992943831248,0.00018738878908522232
0.015473791830335284,0.012536596958331299,0.023943823360855095,1.2536596958331299,0.00023783941032398163
0.015475781047434373,0.012573329328897057,0.023949979902812897,1.2573329328897056,0.0002385173789529671
0.01510792940384694,0.011946582945228178,0.022824953087162293,1.1946582945228177,0.00022743876585594978
0.015439414578074847,0.012243918056945292,0.023837552251367012,1.224391805694529,0.0002383752098200043
0.016611338695552584,0.013302733128892468,0.027593657325836265,1.3302733128892468,0.00027511977676198264
0.016313917774118093,0.012675324794715913,0.02661439131406862,1.2675324794715912,0.000265290015227433
0.01617350707261421,0.01248332512898272,0.026158233102790193,1.248332512898272,0.00026158186650334785
0.015388899811172656,0.011562304659946985,0.02368182373983098,1.1562304659946985,0.00023486370942227025
0.013922123188454797,0.010068704818287628,0.019382551407451074,1.0068704818287628,0.00019381413328160559
0.012899027391869138,0.009189769149806765,0.016638490765619036,0.9189769149806765,0.0001662865450788995
0.011422358182118007,0.008447000720374846,0.013047026644059819,0.8447000720374845,0.00012947169814082202
0.011368141282050295,0.008416841752054715,0.012923463620865612,0.8416841752054716,0.00012919013673920996
0.012131394797583522,0.009228709108878049,0.014717073973483654,0.9228709108878049,0.00014715442420235115
0.012866476901813771,0.00997335207526318,0.016554622786490728,0.997335207526318,0.00016406584859253196
0.010746734708694694,0.00861589757359623,0.011549230689906325,0.861589757359623,0.00011548532696036638
0.012908599870127185,0.010133341974712945,0.01666319506070476,1.0133341974712944,0.00016500673158491928
0.016107358308763076,0.012232204659106438,0.02594469916868789,1.2232204659106438,0.0002593286178498391
0.016524064299759566,0.012749395194815211,0.02730447009825886,1.2749395194815212,0.0002730110852675199
0.016665092105647372,0.01307016316340084,0.027772529488971034,1.307016316340084,0.0002771015953809293
0.016742667402715048,0.013261216050617513,0.028031691175793707,1.3261216050617513,0.00028023265681940886
0.016678723777279213,0.013193991481857991,0.027817982683877897,1.3193991481857992,0.0002781776852734322
0.016653481351677796,0.013172255580452163,0.02773384411306801,1.3172255580452163,0.00027704687581600607
0.01646048273135576,0.012995273762961222,0.02709474917492611,1.2995273762961221,0.00027036555551231513
0.01550457459786522,0.011824116616912073,0.024039183346076746,1.1824116616912073,0.0002403188528722529
0.01553347605998887,0.011822908322667667,0.02412888785062474,1.1822908322667667,0.00024074678920625692
0.014078147038311487,0.010930677185182874,0.01981942240323185,1.0930677185182873,0.00019724884524750262
0.010561049733300876,0.00916929665646943,0.01115357714692545,0.9169296656469429,0.00010816643441989804
0.01097750891169212,0.00942348327189637,0.012050570190627993,0.942348327189637,0.00012050008027186803
0.011747458886550311,0.010125739231902062,0.013800279029118989,1.0125739231902062,0.00013783769034291792
0.011556584311960218,0.009768929134050829,0.013355464095944503,0.9768929134050828,0.00013278506764760945
0.01121948593377217,0.009472944056941069,0.012587686461811158,0.947294405694107,0.0001250313590134346
0.011968926883677629,0.010076840315838054,0.014325521074682109,1.0076840315838054,0.00014307436446759877
0.011824656211926778,0.009917637667326005,0.013982249453025853,0.9917637667326006,0.0001394083762175295
0.011891356681673472,0.010117959613202719,0.01414043637307803,1.0117959613202718,0.00014056050128157676
0.012211725264202613,0.01043739828528115,0.014912623392836437,1.043739828528115,0.0001491065085470946
0.013082371677406706,0.011138225612318222,0.017114844870581312,1.1138225612318222,0.00017031404045083343
0.013111476763162587,0.011013921634851652,0.017191082291095245,1.101392163485165,0.00017190919094483388
0.01240702309908222,0.01047710036701156,0.015393422218115975,1.047710036701156,0.00015191631789637504
0.01150555907612454,0.009541094088453035,0.013237788965419174,0.9541094088453035,0.00013235137949741383
0.011877777603701777,0.0099970766327984,0.01410816008029995,0.99970766327984,0.00014049882239975943
0.012570788269564712,0.01052348333582485,0.015802471771822577,1.052348333582485,0.00015770148384483814
0.012079674805660703,0.010137938028351848,0.014591854341051393,1.0137938028351847,0.00014449291327480916
0.012348400938630323,0.01040667540633593,0.015248300574116623,1.040667540633593,0.00015244129641549072
0.012626099660150603,0.01067352338886268,0.015941839262805516,1.067352338886268,0.00015941546336839914
0.012164783406440727,0.0100817310410905,0.014798195532561564,1.00817310410905,0.00014726789209266628
0.010879774629673723,0.008935687677576272,0.011836949599249198,0.8935687677576273,0.00011826130025119886
0.01191797148048404,0.009781436827621517,0.014203804420963091,0.9781436827621518,0.00014180869895925923
0.012881318432758032,0.010625894703358136,0.016592836456611183,1.0625894703358136,0.00016553772082923975
0.013102133567979441,0.011021728271066377,0.017166590403317368,1.1021728271066378,0.00017161157643900746
0.012934483520173484,0.010879066708187111,0.016730086393363944,1.087906670818711,0.00016722794930388866
0.012463590540611705,0.010476235258614592,0.015534108916402558,1.0476235258614592,0.00015328502999096245
0.01345309300153895,0.011301921342338588,0.018098571130805628,1.1301921342338588,0.00018042902917558896
0.013202470675543662,0.01100305275482348,0.01743052319385903,1.1003052754823481,0.000173793130247244
0.012871024469898447,0.010608542289186002,0.016566327090472458,1.0608542289186003,0.00016555107385262419
0.012778751507453808,0.010527649319801258,0.016329649008925296,1.0527649319801258,0.0001631983957204447
0.013958760197113835,0.011712161579026386,0.019484698624052946,1.1712161579026386,0.00019398473494455358
0.012802901750313823,0.010578316898110545,0.016391429322818875,1.0578316898110545,0.00016350429001539798
0.012978732064841843,0.010548169560402663,0.01684474860109538,1.0548169560402663,0.00016784550012386524
0.014076347780989642,0.011507241457410935,0.019814356685137202,1.1507241457410935,0.00019806387359575677
0.014533635433918331,0.011982482914143798,0.021122655892604647,1.1982482914143797,0.00021022509971144613
0.01437489030608662,0.011862481882351884,0.020663747131202306,1.1862481882351883,0.0002066354353731426
0.013080471198803541,0.010513606814604668,0.017109872678272894,1.0513606814604668,0.00017101333108054826
0.01275812786176729,0.010041478114677135,0.01627698265372028,1.0041478114677136,0.00016252392822748942
0.012865958326012849,0.010225278621033021,0.016553288364669936,1.022527862103302,0.00016544975529478474
0.012891768376248483,0.01030058459134021,0.016619769186684043,1.030058459134021,0.00016596668537430904
0.011862947868079557,0.009501487272604995,0.014072953212077329,0.9501487272604996,0.00014072947900227117
0.011763655335582197,0.009392366150457904,0.013838358685437147,0.9392366150457904,0.00013805921535515737
0.010198187315562553,0.00822602344321514,0.010400302452330094,0.8226023443215141,0.00010399710069590192
0.008427920663488823,0.0070938115034668995,0.007102984671006188,0.7093811503466899,7.075004464603878e-05
0.007900245478968825,0.0067964994297521454,0.006241387862796737,0.6796499429752145,6.226006911209509e-05
0.007400464530938823,0.006355385637316226,0.005476687527368358,0.6355385637316225,5.4610980202516736e-05
0.007426259347062624,0.006394404904763895,0.0055149327889834985,0.6394404904763895,5.5026391243206416e-05
0.0075409582364539905,0.006534404784066781,0.005686605112394328,0.6534404784066781,5.6675914177475394e-05
0.007731134453764253,0.006572572121649059,0.00597704399421807,0.657257212164906,5.959278857092356e-05
0.01142700776025989,0.0084856212599103,0.013057650635303975,0.84856212599103,0.00012832811386500137
0.011626214497593235,0.008626149476081832,0.013516886354404711,0.8626149476081831,0.0001347269815994028
0.011637740187448517,0.008657060335288925,0.013543699667055426,0.8657060335288924,0.0001354043149607605
0.012112056424294838,0.009215924594547772,0.014670191082530185,0.9215924594547772,0.00014662196713056906
0.012243159085278985,0.009311033283915957,0.014989494438744937,0.9311033283915957,0.0001490641245722683
0.011803145528753858,0.008596475029537793,0.013931424437294218,0.8596475029537793,0.00013929653324762332
0.011673650420068385,0.008252833017451961,0.013627411412996277,0.8252833017451962,0.00013585952684135215
0.012132800218534384,0.008715680903941052,0.014720484114286801,0.8715680903941052,0.00014548007065490586
0.013102559765541344,0.009568161720332743,0.017167707240958285,0.9568161720332744,0.00017164257330053376
0.013073693266536212,0.00952556565339895,0.017092145562747428,0.9525565653398949,0.00017063148318370775
0.010205822781749252,0.007828611926770734,0.010415881865247202,0.7828611926770733,0.00010413964846902562
0.010164643603370133,0.007843535494663044,0.010331997958353335,0.7843535494663044,0.00010316695274155065
0.01019987804463544,0.007875574582659268,0.01040375121254361,0.7875574582659267,0.00010366279045351009
0.009569647384326247,0.007189465778157597,0.009157815106034218,0.7189465778157598,9.147897695710337e-05
0.009586355379215686,0.0072631796943116176,0.009189820945661753,0.7263179694311618,9.160724975929222e-05
0.010249636198143097,0.008173668390945849,0.010505504219428528,0.8173668390945849,0.00010452115031302373
0.01033335507376671,0.008414760564478221,0.01067782270805402,0.8414760564478222,0.00010620225113735067
0.00992083344072222,0.008094749267276914,0.009842293615855226,0.8094749267276914,9.824667188102801e-05
0.008435468585323565,0.006976094268707179,0.007115713025398076,0.6976094268707179,6.99102062240016e-05
0.008039657274806659,0.006717885118932049,0.006463608909635162,0.6717885118932049,6.417407717236037e-05
0.007624806353874022,0.006323541732782381,0.0058137671934077656,0.6323541732782381,5.7898827847211e-05
0.00746120752961346,0.006242220350852714,0.005566961779996059,0.6242220350852714,5.564333182064394e-05
0.007487015656097206,0.006258986930110105,0.005605540343464467,0.6258986930110104,5.600141710711094e-05
0.007702412626339051,0.006578398948627218,0.005932716026638724,0.6578398948627218,5.848216538461636e-05
0.007506858127733855,0.006382661168988743,0.005635291894992383,0.6382661168988742,5.621803080014625e-05
0.007296875174456451,0.006231614475336302,0.005324438731159886,0.6231614475336302,5.311587950626444e-05
0.007251226687799205,0.0061242510494175575,0.005258028847785143,0.6124251049417557,5.2579427641971747e-05
0.007200600969671304,0.006088058873639072,0.005184865432443132,0.6088058873639072,5.1026424877830485e-05
0.0072072380581138665,0.006107451324559749,0.005194428042632494,0.6107451324559748,5.1858552095414386e-05
0.007579163063230253,0.006391990349834847,0.005744371273903379,0.6391990349834847,5.6990193796899015e-05
0.007539488739991595,0.006275514276436795,0.005684389046046005,0.6275514276436794,5.6525021968875725e-05
0.007256032146087808,0.006034356213158893,0.005265000250505963,0.6034356213158892,5.2240118699829e-05
0.00758365940138043,0.006309768335429274,0.005751188991614578,0.6309768335429274,5.6416486267915735e-05
0.008090392993234188,0.0066780233110061045,0.006545445878497285,0.6678023311006105,6.528230770319047e-05
0.009159385307190909,0.00739690367163146,0.008389433920558471,0.7396903671631461,8.225908845672743e-05
0.009053504488916514,0.007236895707897384,0.008196594353083144,0.7236895707897384,8.179330330210004e-05
0.009004143927642042,0.007104185712765545,0.008107460786969304,0.7104185712765545,8.04801433376041e-05
0.008897177357365449,0.006908231976209339,0.007915976492841644,0.6908231976209339,7.914041801947552e-05
0.009820069494328402,0.007842764953496579,0.009643376487343928,0.7842764953496578,9.574843230813431e-05
0.009852327464066217,0.007851484753033405,0.009706835645919345,0.7851484753033405,9.68721788705291e-05
0.010079663266020868,0.008208914812529928,0.010159961155637047,0.8208914812529928,0.00010157649791676487
0.009884758839378038,0.007976756410680122,0.009770845731266227,0.7976756410680121,9.760074025980933e-05
0.009676795270399335,0.007650715736582562,0.009364036670522293,0.7650715736582562,9.346787470379294e-05
0.009111777424433311,0.006991627746739745,0.008302448783241254,0.6991627746739745,8.228481717347254e-05
0.00822769116130097,0.006447802568508355,0.006769490184575009,0.6447802568508355,6.76142252870556e-05
0.00814167026223534,0.006433806246006363,0.006628679465896727,0.6433806246006363,6.62728288101365e-05
0.008232983384937475,0.006646900723116428,0.006778201541665653,0.6646900723116428,6.768658451802047e-05
0.008055002947654162,0.006398799957918635,0.006488307248671724,0.6398799957918635,6.456394364329757e-05
0.007364370129858147,0.005884433878328521,0.00542339474095469,0.5884433878328521,5.324393005056602e-05
0.008334859030527976,0.006465951673246162,0.0069469875058773755,0.6465951673246162,6.946919906334101e-05
0.00822301761789014,0.006356182252838796,0.006761801874413163,0.6356182252838796,6.744667143229939e-05
0.008241580324680836,0.00643611938707276,0.006792364624816629,0.643611938707276,6.664558627115041e-05
0.008777112954332904,0.006952808410307678,0.00770377118131185,0.6952808410307678,7.699082098777367e-05
0.008763286221452945,0.0069383416290006526,0.007679518539910704,0.6938341629000653,7.655019598279946e-05
0.008976967060916287,0.00698301939397082,0.008058593761277598,0.6983019393970821,8.028924506336195e-05
0.009521149982087244,0.007329394198805795,0.009065229698139993,0.7329394198805795,9.044274279708881e-05
0.009563492839955123,0.007340055479066057,0.009146039529987288,0.7340055479066057,9.117930094716593e-05
0.009652437976816922,0.007615704962905728,0.009316955889629755,0.7615704962905728,9.240341460954673e-05
0.009464115025688582,0.0074481546511952915,0.00895694732194644,0.7448154651195291,8.95130704982452e-05
0.008211386586926935,0.00649520882589786,0.006742686967996358,0.649520882589786,6.711109461247839e-05
0.008411362151600515,0.006697809269653786,0.007075101324537765,0.6697809269653786,7.074307768275191e-05
0.00871174041541617,0.006896857714489454,0.007589442106559548,0.6896857714489454,7.583400318129807e-05
0.007937571322780368,0.0061896348683311165,0.0063005038504225265,0.6189634868331116,6.198727214674772e-05
0.008326315837414687,0.006602534682518733,0.0069327535424382625,0.6602534682518733,6.898440633417184e-05
0.008151847789398741,0.006593280954778725,0.006645262238152513,0.6593280954778725,6.644721042789058e-05
0.008254888880200578,0.006772947905679815,0.006814319042445913,0.6772947905679815,6.795691217008763e-05
0.008252462334851888,0.006807536450979429,0.006810313458814907,0.6807536450979429,6.799481182970154e-05
0.009017216420808763,0.007480160828606457,0.008131019197970319,0.7480160828606457,8.122513943209491e-05
0.009074018252471797,0.007489053300758926,0.008233780724619132,0.7489053300758927,8.222155376410185e-05
0.009003999565476255,0.007400710120036866,0.008107200817509659,0.7400710120036866,8.099882255913701e-05
0.008663753398246477,0.007000622466353784,0.00750606229456274,0.7000622466353784,7.412331368189115e-05
0.008283464501831345,0.0066451869970163766,0.00686157841531,0.6645186997016377,6.81867046694533e-05
0.00857416480393545,0.0069934578731391224,0.007351630208504542,0.6993457873139123,7.345011096437088e-05
0.008753313814722637,0.007178136597450317,0.0076620502739014155,0.7178136597450318,7.657716760148031e-05
0.009190651643395678,0.007526435323999207,0.008446807763025168,0.7526435323999208,8.382632396712135e-05
0.008243534992298369,0.0067011355899693256,0.006795586916924766,0.6701135589969326,6.737382305355721e-05
0.00857465653948515,0.007090081901018546,0.007352473477013542,0.7090081901018546,7.321868346900473e-05
0.008042824285847275,0.006627973375579045,0.006468702249301473,0.6627973375579045,6.454174774178214e-05
0.007863493379633938,0.006501870890704211,0.006183452813154676,0.6501870890704211,6.127103440998136e-05
0.008125242399915713,0.006812748553604491,0.0066019564057388045,0.6812748553604491,6.547618952723552e-05
0.00811398945882446,0.006819026521975365,0.006583682493791444,0.6819026521975364,6.520471103891744e-05
0.00845485905527587,0.007181417535573482,0.007148464164458037,0.7181417535573482,7.135421498635944e-05
0.008351376688502287,0.007159586968189119,0.006974549259325941,0.7159586968189119,6.900266193485005e-05
0.008282334117960194,0.007102485175440356,0.006859705844152746,0.7102485175440356,6.826777200675155e-05
0.007735361704653061,0.00674099292662889,0.005983582070181312,0.674099292662889,5.982907115226206e-05
0.007718345752132862,0.006661815323906268,0.005957286114946739,0.6661815323906268,5.924991724060265e-05
0.007366638523152881,0.006283961636402741,0.005426736313080007,0.6283961636402741,5.334690111543728e-05
0.007312628934138703,0.006227122909746478,0.005347454192840254,0.6227122909746478,5.3462706172106445e-05
0.007239163679455803,0.006149211408627695,0.005240549077795208,0.6149211408627695,5.238682890336577e-05
0.007578389173769375,0.006151450487898283,0.005743198246910487,0.6151450487898282,5.6789397135776495e-05
0.010208464294313518,0.007762508072247427,0.0104212743248274,0.7762508072247427,0.00010400464038220653
0.010748805496305545,0.008168166138595273,0.01155368195974083,0.8168166138595274,0.00011491707696882649
0.011310840290261357,0.008723024906459348,0.012793510807179961,0.8723024906459348,0.0001275880586710067
0.010918204876400876,0.008091916214822486,0.011920719772306385,0.8091916214822485,0.0001183945553497674
0.010652265767673533,0.007648410912971416,0.01134707659851494,0.7648410912971416,0.00011335552065681852
0.010567233155908086,0.007422420656187398,0.011166641657132317,0.7422420656187397,0.0001115938994183439
0.0106674456137265,0.007607777885991577,0.011379439592181274,0.7607777885991577,0.00011377697140221691
0.010651342722113646,0.007666517895354413,0.011345110178392332,0.7666517895354413,0.00011288212380628041
0.01102999613380551,0.008163931240468934,0.012166081471176449,0.8163931240468933,0.00012075290119605219
0.011121218931886603,0.008483915138246093,0.0123681510530953,0.8483915138246093,0.00012346440904535672
0.009340708423206754,0.0074967375159333185,0.00872488338473656,0.7496737515933318,8.555918048950824e-05
0.009764830485188046,0.007771471529011725,0.009535191440445782,0.7771471529011725,9.46871505304803e-05
0.009362404261839936,0.007378218446600232,0.008765461356211859,0.7378218446600232,8.764379758363739e-05
0.009503828533835182,0.007690993633347438,0.009032275680053976,0.7690993633347438,9.029986815173938e-05
0.009701110111556008,0.008064383975707235,0.00941115373965342,0.8064383975707236,9.267252019051765e-05
0.011160420066359089,0.009513487716313796,0.012455497605759064,0.9513487716313797,0.0001241529422382679
0.011719618423965216,0.010066936156288333,0.013734945600334494,1.0066936156288333,0.00013734329057577108
0.012017341212435301,0.010453829529128395,0.014441648981609594,1.0453829529128396,0.0001434974663429118
0.011801853406064837,0.01016389664713477,0.01392837438182442,1.016389664713477,0.00013928212567388844
0.013455268367000178,0.011220947271656392,0.018104424682799564,1.1220947271656392,0.0001806868334687533
0.013993085848257474,0.011652748774006577,0.01958064515567036,1.1652748774006576,0.00019573474402606649
0.013559453292228458,0.01127231329548387,0.018385877358412517,1.1272313295483871,0.0001838582483864329
0.01348708197047076,0.01123487807020871,0.018190138007819746,1.1234878070208711,0.00018187676926105785
0.013680792287054556,0.011585387216032212,0.018716407760153146,1.1585387216032212,0.00018588694809312887
0.013753512240878575,0.011596671184372465,0.01891590989599968,1.1596671184372465,0.00018908984721288798
0.012679196550378424,0.010380692640609795,0.016076202516312813,1.0380692640609794,0.0001603540040128065
0.012044174796864657,0.009586383599129071,0.014506214653742978,0.9586383599129071,0.00014445423293927537
0.011581214076991416,0.008823784567121377,0.013412451949710413,0.8823784567121377,0.00013412249789993688
0.011496551102280856,0.0087095164402703,0.013217068724735518,0.87095164402703,0.0001318549848152413
0.008812086978950359,0.00675718982013919,0.007765287692458645,0.675718982013919,7.765286300898149e-05
0.0072976918786804654,0.005789917042027144,0.005325630675615882,0.5789917042027144,5.25207075732594e-05
0.0066830834251316255,0.005408091944947973,0.004466360406726906,0.5408091944947973,4.4401122560212695e-05
0.006435832788222764,0.005214588806369418,0.004141994367796319,0.5214588806369418,4.078570911788098e-05
0.005847811589846183,0.004687440318231771,0.003419690039033934,0.4687440318231771,3.4190513400868276e-05
0.005529016721969967,0.00455877082097907,0.0030570025911823514,0.45587708209790695,3.012337283308086e-05
0.005491389155531294,0.004573648559742705,0.0030155354857486698,0.45736485597427046,3.0058622887152182e-05
0.005519789563620873,0.0045942862686186485,0.0030468076826657906,0.45942862686186486,2.9365696807243983e-05
0.005908042178668422,0.0049580391330573395,0.0034904962384925114,0.4958039133057339,3.4784139431776296e-05
0.005890651013597575,0.0048571930813931016,0.003469976936399813,0.4857193081393102,3.438982575289396e-05
0.006375811238864242,0.005393945593063112,0.004065096895362758,0.5393945593063112,4.045886326454359e-05
0.006270272761512725,0.005196439210110102,0.003931632050376841,0.5196439210110102,3.927421171757126e-05
0.0059696535095739075,0.005020489758420358,0.003563676302436807,0.5020489758420358,3.519301988129516e-05
0.005682868326759296,0.004653840876830223,0.0032294992419284,0.4653840876830223,3.1962675617029434e-05
0.00595508369924597,0.004916066411019623,0.0035463021865025065,0.49160664110196234,3.545060304530321e-05
0.005640551992213718,0.004566324964780852,0.0031815826776866144,0.4566324964780852,3.1722562744695216e-05
0.0057514561720503135,0.004642263435231832,0.003307924809901564,0.4642263435231832,3.258015518842505e-05
0.005954453575399815,0.004863798210755032,0.0035455517381591645,0.4863798210755032,3.5217756530757e-05
0.0058283754008053015,0.00478790117392972,0.003396995981271236,0.478790117392972,3.344714432124846e-05
0.005941097530012329,0.0049553838972213856,0.00352966398611186,0.49553838972213854,3.4759067952675486e-05
0.007301024647149475,0.005691994404313837,0.005330496089828412,0.5691994404313837,5.273542345686263e-05
0.00915893706418,0.006955089398735894,0.008388612814561018,0.6955089398735894,8.377642042693742e-05
0.009271652375255419,0.007057079567403215,0.008596353776757945,0.7057079567403215,8.576304458624211e-05
0.009599701467000128,0.007576894941296823,0.00921542682555244,0.7576894941296823,9.185302027815898e-05
0.009388192559021827,0.007229018601687348,0.00881381595252728,0.7229018601687348,8.741611334157669e-05
0.009415747331660482,0.007313429175799873,0.008865629781367148,0.7313429175799873,8.852222342412166e-05
0.009965535378293375,0.007840597517608888,0.009931189537601687,0.7840597517608887,9.842758792921857e-05
0.011018784318814727,0.00861881462779693,0.01214136078645573,0.8618814627796929,0.00012140283012702875
0.011931910748147118,0.009518416169690343,0.014237049410174871,0.9518416169690344,0.00014235965675741093
0.01231758544272523,0.009916873801700012,0.015172291113883652,0.9916873801700012,0.00015152286165447763
0.011380712181442343,0.008866841717454497,0.012952060975683015,0.8866841717454498,0.0001294930304179487
0.010143959801809809,0.007964099518834084,0.010289992046073329,0.7964099518834085,0.00010132867459048371
0.01001557013487514,0.007814150608777506,0.010031164512660284,0.7814150608777506,0.00010010256275469129
0.010068845276930877,0.007917475059892933,0.010138164521077325,0.7917475059892933,0.00010132694312025115
0.010260892188109452,0.00825324408885305,0.010528590849600557,0.8253244088853049,0.0001047737023717934
0.010460799762425562,0.00851166294072605,0.01094283316695627,0.851166294072605,0.00010920508673417739
0.010434505830346417,0.008551424874379149,0.010887891192353337,0.8551424874379149,0.00010883121203419279
0.010443022203644039,0.00864459900668901,0.01090567127458024,0.864459900668901,0.00010747788307550721
0.009937501330754508,0.008244913818705886,0.009875393269874763,0.8244913818705886,9.785026144417015e-05
0.010714986876721169,0.008838513867012997,0.011481094376830685,0.8838513867012997,0.00011459850550603317
0.011723670482333009,0.009779504279055577,0.013744444957832627,0.9779504279055578,0.00013681900988396706
0.011663521869107287,0.009681467468545403,0.013603774239114394,0.9681467468545403,0.00013572513801335392
0.011625598168312117,0.009583625152759201,0.013515453277106204,0.9583625152759202,0.0001349544690612769
0.011513081875326767,0.009386394711596534,0.01325510542679777,0.9386394711596535,0.0001319358539817288
0.01142525091015087,0.009242999045387971,0.013053635835990328,0.9242999045387971,0.00013049612222496037
0.01161397112084766,0.009547979621997245,0.013488432519588346,0.9547979621997245,0.00013430601907260496
0.011156815210234507,0.008954818663946065,0.012447452563532007,0.8954818663946065,0.00012366819983387198
0.010350871909436508,0.008327747563480576,0.010714054928556177,0.8327747563480576,0.00010692315085942724
0.010149293108890362,0.008132095610974652,0.01030081506101694,0.8132095610974652,0.00010226255746267211
0.00872833113155796,0.006971933724062874,0.0076183764342123836,0.6971933724062874,7.488654730496552e-05
0.007482612833555606,0.006220576360617323,0.005598949481689106,0.6220576360617323,5.559301596880804e-05
0.0075969788865987925,0.0062840825882735755,0.005771408820342783,0.6284082588273575,5.771408022259049e-05
0.008207138366466873,0.0068259400876643905,0.006735712016633253,0.682594008766439,6.590520350860659e-05
0.009098961823086936,0.007416016939735942,0.008279110625799354,0.7416016939735942,8.277372695866869e-05
0.009316129083847255,0.0076457941120099526,0.008679026110690468,0.7645794112009953,8.675208388487837e-05
0.009075160228738487,0.007384907997903642,0.008235853317727679,0.7384907997903642,8.216734207952373e-05
0.00918820696295483,0.0075519545741202475,0.008442314719409162,0.7551954574120248,8.435096930286523e-05
0.00920002465990632,0.007561661593106059,0.008464045374288439,0.7561661593106059,8.29459379186602e-05
0.00971744181813618,0.007913246957445838,0.009442867548886178,0.7913246957445839,9.424756707623004e-05
0.010098173170533955,0.008344134783668905,0.01019731013820918,0.8344134783668905,0.00010156839252191197
0.010027181829926509,0.008278765879833684,0.010054437545040835,0.8278765879833684,0.00010048925430246814
0.009877879456910037,0.008097587421550966,0.009757250256524533,0.8097587421550966,9.699496523158274e-05
0.009285302666016472,0.0073402563422084125,0.00862168455995326,0.7340256342208412,8.621681711359677e-05
0.00823402866951748,0.006529373986511533,0.006779922813043581,0.6529373986511533,6.724897092597729e-05
0.007933857919196267,0.006198762519132217,0.006294610148199332,0.6198762519132217,6.229317990114113e-05
0.0075940739739530265,0.005700117229927513,0.005766995952187071,0.5700117229927513,5.731062589847484e-05
0.0074864694929396075,0.00561676177943786,0.005604722546871542,0.561676177943786,5.6027079764939585e-05
0.007025328623471584,0.005258658582876529,0.004935524226776914,0.525865858287653,4.921147168164381e-05
0.006328157771225093,0.004923001168798024,0.004004558077751654,0.49230011687980235,3.955178529184547e-05
0.007063862467398548,0.005377445640070891,0.004989815295832191,0.5377445640070891,4.958438742136588e-05
0.007118305900290248,0.005323647304607798,0.005067027889010696,0.5323647304607798,5.066682988874958e-05
0.007849613389721522,0.005898750184523812,0.006161643036809541,0.5898750184523812,6.104051597945645e-05
0.008658167005499146,0.006744918704436551,0.0074963855895114045,0.6744918704436551,7.483498775876222e-05
0.00865920166905144,0.006736342009337668,0.007498177354530323,0.6736342009337668,7.427492317341094e-05
0.00862913600907099,0.006686334507338781,0.007446198826304561,0.668633450733878,7.430348948192566e-05
0.00950704090602661,0.007594483322765384,0.009038382678886323,0.7594483322765384,8.992489589319089e-05
0.01015290103846677,0.00817543882399928,0.010308139949689961,0.817543882399928,0.00010292668248928412
0.010250015972899547,0.008316689532481084,0.010506282744469585,0.8316689532481084,0.00010505307842989158
0.00992096352412577,0.008015955110181501,0.009842551724703403,0.8015955110181501,9.762475808488415e-05
0.009365596848298371,0.007550214913209826,0.008771440432485638,0.7550214913209826,8.687742363782336e-05
0.010334579039935357,0.008404652814553194,0.01068035239326712,0.8404652814553194,0.00010669620963757594
0.010044845450575305,0.008016032968382316,0.01008989201259434,0.8016032968382316,0.00010080766276756431
0.009323859854632377,0.007082533422994439,0.00869343625888253,0.7082533422994439,8.658171394008601e-05
0.009466904690825916,0.007326863952204322,0.008962228442518174,0.7326863952204322,8.94894126751693e-05
0.009725032413881547,0.007686549305712526,0.009457625545104676,0.7686549305712526,9.448514654982985e-05
0.009122523791076673,0.007161320830679045,0.008322044031875994,0.7161320830679045,8.305038118831022e-05
0.00874073881724267,0.006888294722712075,0.007640051507125281,0.6888294722712075,7.59324281552628e-05
0.011567828069077909,0.008529416485917471,0.013381464623574674,0.852941648591747,0.00013374048065905786
0.012160441858247344,0.009167071237578008,0.01478763461878141,0.9167071237578008,0.000147829591561069
0.011845503989304059,0.008698541568111265,0.014031596476061836,0.8698541568111265,0.00014031596412934593
0.010955478665528937,0.00787604846989068,0.01200225127908597,0.787604846989068,0.00011932691899425694
0.010790810089858773,0.007769234685874812,0.011644158239539789,0.7769234685874812,0.00011590178713928622
0.01163343157515397,0.00888431913103084,0.013533673021378935,0.888431913103084,0.0001353275365050101
0.01225944144606819,0.009521172806261864,0.015029390456957451,0.9521172806261864,0.00015023417134143107
0.012400090447756217,0.009685333227478013,0.015376224311253494,0.9685333227478012,0.00015374314089604252
0.012717640672005166,0.010121601977226674,0.016173838426224,1.0121601977226673,0.000161736971133808
0.01355146529034973,0.010739046051374197,0.01836422115155535,1.0739046051374197,0.0001811846840462759
0.012054949938584943,0.009714088272914928,0.01453218180217891,0.9714088272914927,0.000144792635086526
0.011275532641071633,0.008667675635876351,0.012713763633987185,0.8667675635876351,0.00012681097877126628
0.011242332430312186,0.008567416452776526,0.012639003847364912,0.8567416452776526,0.00012618282500188806
0.01116685574913095,0.008330476486728708,0.012469866732189892,0.8330476486728707,0.00012415428204550654
0.011310030023726877,0.008581742475808903,0.012791677913760336,0.8581742475808903,0.0001278893267261913
0.010791720201683924,0.008109608278233255,0.011646122491143291,0.8109608278233255,0.00011611774366388309
0.009882449506242522,0.00710764963212412,0.009766280824343306,0.710764963212412,9.739684272949688e-05
0.009741106364982353,0.007026701567729808,0.00948891532138997,0.7026701567729808,9.422508010538355e-05
0.009093488905558793,0.006277538758904146,0.008269154047552086,0.6277538758904146,8.227128879558667e-05
0.008225762530524434,0.005988902645852571,0.006766316920857974,0.5988902645852571,6.742653796288561e-05
0.007258706996030053,0.005542475019030536,0.005268882725421564,0.5542475019030536,5.203747498963968e-05
0.007589399064762569,0.0060551362367970854,0.005759897816421895,0.6055136236797085,5.715439868946891e-05
0.0075347912033997865,0.005958056598760223,0.005677307847883081,0.5958056598760223,5.6508288183635824e-05
0.0075831103430428395,0.006093405671356757,0.005750356247476329,0.6093405671356757,5.748270626141367e-05
0.007391939895047537,0.005840977229164446,0.0054640775411995395,0.5840977229164446,5.410521641620797e-05
0.007577939172504968,0.005963543401815738,0.005742516210218528,0.5963543401815737,5.733131795452563e-05
0.00823471137110229,0.006663971600625164,0.006781047136536137,0.6663971600625164,6.761982087549691e-05
0.008477963234535176,0.006752228375895265,0.007187586060613016,0.6752228375895265,7.119563896441881e-05
0.010155618633283328,0.008149125101816092,0.010313658982469153,0.8149125101816092,0.0001031216709127306
0.009854305890691558,0.007845076655039003,0.009710734458731834,0.7845076655039004,9.691966598694162e-05
0.00955155979446303,0.0075347716893604325,0.009123229450720263,0.7534771689360432,9.086658592780295e-05
0.009614024809084007,0.0075650665793189666,0.009242947302968277,0.7565066579318966,9.189299852982525e-05
0.010514406007394684,0.008642370714636922,0.011055273368833744,0.8642370714636922,0.00011054185816993417
0.010613182433905825,0.008824128969634729,0.011263964137536718,0.8824128969634729,0.00011252364232321569
0.010981064617803845,0.009279424382940825,0.01205837801403835,0.9279424382940824,0.00012022048664364985
0.010593412674649328,0.008801216127829884,0.011222039209542104,0.8801216127829884,0.00011131538980415726
0.010123343492028005,0.00815603155167482,0.010248208345758576,0.815603155167482,0.00010222470428413542
0.009595160591904753,0.007523934143820423,0.009206710678444197,0.7523934143820423,9.194571152737462e-05
0.007847811025453079,0.006192099789452847,0.006158813789122289,0.6192099789452847,6.000667245307657e-05
0.007581811504538244,0.005985340200720382,0.005748386569034846,0.5985340200720382,5.7431121080916926e-05
0.007419921949818495,0.005749720889233966,0.0055055241741398305,0.5749720889233966,5.502989710990536e-05
0.007074811444150254,0.005337325784658175,0.0050052956970279405,0.5337325784658175,4.994980080433217e-05
0.0058190215518493784,0.004549925275837102,0.0033861011820887554,0.4549925275837102,3.3085956484896114e-05
0.005562082419326428,0.004263472929992376,0.0030936760839380133,0.4263472929992376,3.0350658241082046e-05
0.004870956286556026,0.0038878811039429356,0.0023726215145539677,0.38878811039429356,2.3559365798015053e-05
0.005142986121017929,0.004094898800376202,0.002645030624098304,0.4094898800376202,2.628996070001357e-05
0.00559061828729895,0.0044547893632902605,0.003125501283428144,0.4454789363290261,3.117360983716888e-05
0.005887378900349291,0.004709488443477208,0.0034661230316278026,0.4709488443477208,3.4501795415695265e-05
0.005783493481591421,0.004554462380781882,0.0033448796851610453,0.45544623807818824,3.3411859856665486e-05
0.005573963707648449,0.004441083693040536,0.003106907141418204,0.44410836930405356,3.088966068610927e-05
0.005857927921736858,0.004675203839869128,0.00343153195362643,0.46752038398691287,3.373183224531257e-05
0.006580164513432926,0.005313822404566472,0.004329856502384198,0.5313822404566472,4.325063385190076e-05
0.006458802764106368,0.005103632610278312,0.004171613314562806,0.5103632610278311,4.13411990813885e-05
0.0069404620899169486,0.005621903468054705,0.0048170014021574345,0.5621903468054705,4.813731042023572e-05
0.007173245367815127,0.005853368246672748,0.005145544910688118,0.5853368246672748,5.112530748096818e-05
0.007705252521440232,0.006229891742868941,0.005937091641916106,0.6229891742868942,5.933345050411749e-05
0.009574650842018471,0.007348244613588931,0.009167393874656501,0.7348244613588931,9.161379246373732e-05
0.010056248581532796,0.007950504844420626,0.010112813553358038,0.7950504844420626,0.0001007458414285632
0.010143144904485112,0.008182935472164235,0.010288338855338228,0.8182935472164236,0.00010233349096554659
0.010377735376939862,0.008459223742014424,0.010769739155378913,0.8459223742014425,0.00010764761131591076
0.010525648759719796,0.008725522272525994,0.011078928181299089,0.8725522272525995,0.00011078926565093917
0.010431202917134867,0.008565344365955215,0.010880999429844298,0.8565344365955214,0.00010815349571527058
0.01057760288054193,0.008897020842632674,0.01118856826984489,0.8897020842632675,0.00011119592396082134
0.010395484938638904,0.008628821513388668,0.01080661071094683,0.8628821513388669,0.0001075450041112768
0.010087581410774434,0.008208953690166108,0.010175929871900193,0.8208953690166109,0.00010168418889267403
0.009730381815544654,0.007856820624794415,0.00946803302762821,0.7856820624794414,9.384725137062939e-05
0.0075996500863976316,0.00645088467236185,0.005775468143568353,0.645088467236185,5.708585285468985e-05
0.006912567758839939,0.005898299754010873,0.004778359302055343,0.5898299754010873,4.744053946868177e-05
0.007808731488976802,0.006644642676494558,0.0060976287466937866,0.6644642676494559,6.096631648076499e-05
0.008626834431991262,0.007082317144387807,0.007442227231699002,0.7082317144387806,7.228758386244858e-05
0.008616558977366087,0.007081786892007069,0.0074245088610428115,0.7081786892007069,7.36831344446998e-05
0.008600356966107984,0.007092923549072714,0.007396613994448212,0.7092923549072714,7.395247912879468e-05
0.008973404544134372,0.007463711586656968,0.00805219891126914,0.7463711586656968,8.050762880605877e-05
0.009071137777714733,0.007607686026670032,0.008228554058228338,0.7607686026670032,8.216203628051663e-05
0.009409889658919389,0.007994691965773567,0.008854602339303807,0.7994691965773567,8.756541211356252e-05
0.009449075365872132,0.008010527995467412,0.008928502526993159,0.8010527995467411,8.92818640542276e-05
0.009801516678139879,0.008455199831896201,0.00960697291918542,0.8455199831896201,9.461203010055824e-05
0.010113928249027695,0.008766423264224612,0.010229154462648044,0.8766423264224612,0.00010229061512879649
0.009658966511675013,0.008347271735129535,0.009329563407365937,0.8347271735129536,9.267478652337731e-05
0.008820896812951234,0.007819221730616464,0.007780822058473325,0.7819221730616465,7.777689594739976e-05
0.00850190648414514,0.007390099952520901,0.007228241386514918,0.7390099952520901,7.208321578757549e-05
0.008128941999063702,0.0069780736161260196,0.006607969802414177,0.6978073616126019,6.587120990120817e-05
0.00811089265382368,0.006910083509475355,0.006578657964185095,0.6910083509475355,6.470633347254252e-05
0.00826646636432811,0.007066499964923622,0.006833446615256799,0.7066499964923623,6.828970061982784e-05
0.00859422968401274,0.007408091876108968,0.0073860783861565745,0.7408091876108968,7.306904286800815e-05
0.009949966538012495,0.00824198273997127,0.009900183410756835,0.8241982739971271,9.89948814202445e-05
0.011340454081852226,0.00915849618144121,0.012860589878259882,0.9158496181441209,0.00012860399832374738
0.011308907520445494,0.009114446576527341,0.012789138930598867,0.9114446576527342,0.0001272414136738855
0.011075775952077793,0.008648790061212499,0.012267281294062475,0.8648790061212499,0.00012254754358471555
0.01116957429495977,0.008733609295960927,0.012475938993062603,0.8733609295960928,0.00012422484557719513
0.01144434257540016,0.009131013384315356,0.013097297698311675,0.9131013384315355,0.0001309374088169778
0.011442469094670284,0.00919672654597779,0.01309300989824846,0.919672654597779,0.00013005753933227629
0.011268506443631513,0.009022989060377939,0.012697923747016494,0.9022989060377938,0.0001269163814706209
0.012161803871348076,0.00977519055098938,0.014790947340513705,0.977519055098938,0.00014721101339893898
0.011999692611154668,0.009317884605782837,0.014399262276219996,0.9317884605782837,0.00014392412455230982
0.011255375486862809,0.008817258883012349,0.012668347735027221,0.8817258883012349,0.00012615557019470176
0.009945448060447082,0.007929699715206816,0.009891193712305063,0.7929699715206815,9.884159376316994e-05
0.009842166167866869,0.007849903145854693,0.00968682348759032,0.7849903145854693,9.663878967067914e-05
0.010383363679003096,0.008576101797828355,0.01078142412904407,0.8576101797828354,0.00010770766468414924
0.010154718249291792,0.008314555619015679,0.010311830272249975,0.8314555619015679,0.00010308654527778298
0.010069837558608316,0.008226855342038777,0.010140162845675869,0.8226855342038778,0.00010019473706675317
0.010001330624323996,0.008035210354267385,0.010002661425704103,0.8035210354267385,9.982777906649127e-05
0.009889883392983046,0.00786672368505874,0.009780979352680184,0.786672368505874,9.780915094417221e-05
0.008986616491245113,0.007316258581982634,0.008075927596071862,0.7316258581982634,8.071079811639103e-05
0.009726388478947398,0.007957590111248502,0.009460263284340069,0.7957590111248503,9.440419325196777e-05
0.009307837046857568,0.007573958597814687,0.00866358304908542,0.7573958597814687,8.589261143706896e-05
0.00885363192868757,0.00711777419943879,0.007838679832867597,0.711777419943879,7.790892892818868e-05
0.008663821528981258,0.006957124025024427,0.007506180348603914,0.6957124025024427,7.468726355781095e-05
0.008010570794823379,0.006249490528356338,0.006416924445887725,0.6249490528356337,6.34596521235477e-05
0.008365201612599394,0.00658782245404049,0.00699765980194355,0.6587822454040491,6.975061388846234e-05
0.008446380089639657,0.006721313316833698,0.007134133661866121,0.6721313316833698,7.086443907544014e-05
0.009258933676626124,0.0074842236629344295,0.008572785282816136,0.7484223662934429,8.571467495794419e-05
0.00969187722782255,0.007927253582175971,0.009393248419918532,0.7927253582175972,9.334094523037437e-05
0.009918357849093973,0.00803768140287581,0.009837382242268404,0.803768140287581,9.730795947909586e-05
0.009076219167511041,0.007480230176683767,0.008237775437669483,0.7480230176683766,8.237711498968165e-05
0.009280455873268052,0.0077906696445390585,0.008612686121567547,0.7790669644539059,8.572749821482455e-05
0.009182829178108618,0.00755398364824983,0.008432435171432301,0.755398364824983,8.413337443264621e-05
0.009311303828518297,0.007698047243587167,0.00867003789869795,0.7698047243587167,8.638091456540986e-05
0.009986136153980195,0.008500104278263502,0.009972291528583036,0.8500104278263503,9.969611969835693e-05
0.009673050027839159,0.008053492852173789,0.009356789684107915,0.8053492852173788,9.298068071601111e-05
0.009325763696339157,0.007557746959697381,0.00869698685199574,0.7557746959697381,8.69697134417674e-05
0.008638541858248635,0.006992653813912227,0.0074624405436713795,0.6992653813912227,7.348943581946088e-05
0.008249122716198234,0.006677878112519392,0.006804802558689774,0.6677878112519392,6.757511590225476e-05
0.007672239578066522,0.006282164235986005,0.005886326014325036,0.6282164235986005,5.8721713988940754e-05
0.0074426131182580655,0.006131381287644146,0.005539249002806705,0.6131381287644146,5.479659948854768e-05
0.006828816603697131,0.005485324512871692,0.004663273620692962,0.5485324512871692,4.655177870590019e-05
0.007730954072240858,0.0063065307995583434,0.005976765086709751,0.6306530799558343,5.911907417790173e-05
0.007681693649357467,0.006243480294830247,0.005900841732257884,0.6243480294830247,5.8943085577593475e-05
0.006736916973765217,0.005361258080551701,0.004538605031140589,0.5361258080551702,4.492844433138172e-05
0.006702977453125062,0.005418020441157102,0.0044929906737102955,0.5418020441157102,4.485102065723657e-05
0.006750068914283552,0.005466844363264529,0.004556343034757713,0.5466844363264529,4.533768368862772e-05
0.007186248047150524,0.005855134965622351,0.0051642160995174725,0.5855134965622351,5.149238702261041e-05
0.0073519219956953135,0.006020094315666431,0.005405075703078857,0.6020094315666431,5.378684635052542e-05
0.006903608035374548,0.005513590783120124,0.004765980390608803,0.5513590783120124,4.734711046713907e-05
0.006713771925311849,0.005274188171347398,0.004507473346510558,0.5274188171347398,4.507173469097677e-05
0.0066935946508756925,0.00525467457297795,0.004480420935023169,0.525467457297795,4.451491004688081e-05
0.0057166073662608995,0.004575899072064752,0.0032679599779988377,0.45758990720647524,3.2508298499716e-05
0.00520366162845301,0.003980121143324818,0.002707809434343423,0.3980121143324818,2.6783931731165536e-05
0.005155034223050343,0.0038627110985184425,0.0026574377840820258,0.38627110985184426,2.627562612874901e-05
0.004893962051818243,0.0035089305456524637,0.002395086456463703,0.3508930545652464,2.3539206480837402e-05
0.004718202869801767,0.0032255251837021524,0.0022261438320605636,0.32255251837021526,2.2096945415488405e-05
0.0036631658947024804,0.0024870631468067823,0.0013418784372111424,0.24870631468067825,1.3110923140432262e-05
0.0023531846381822656,0.0017586090952824607,0.0005537477941377,0.17586090952824607,5.417392504025126e-06
0.00245439973318783,0.0018310427296567464,0.0006024078050272491,0.18310427296567464,5.989382545507524e-06
0.0023738683124453442,0.001765503175953171,0.0005635250764832105,0.17655031759531709,5.02362066075311e-06
0.00221019476181742,0.001621121907452859,0.0004884960885165162,0.1621121907452859,4.576766651325352e-06
0.001854561095266891,0.001352570106911505,0.000343939685607753,0.1352570106911505,3.375065933766957e-06
0.001948080359354452,0.0014655946896949172,0.0003795017086502571,0.14655946896949174,3.6209688422792235e-06
0.001993689986449952,0.0015104920155689977,0.00039747997620708105,0.15104920155689977,3.731925000177893e-06
0.00200218201931012,0.0015158996234645626,0.00040087328384487495,0.15158996234645625,3.6860467787565224e-06
0.0020759704641595696,0.0016146988710179153,0.00043096533680628995,0.16146988710179153,3.978719586307871e-06
0.0022148461445418146,0.001743763520486552,0.0004905543443991741,0.1743763520486552,4.409949566309202e-06
0.0023370602600391336,0.0018900349210254483,0.0005461850659054184,0.18900349210254483,5.310408842408952e-06
0.0022976295123043676,0.0018653047103312803,0.0005279101375812007,0.18653047103312803,4.875636124382335e-06
0.0031244743284681194,0.0022631633361079274,0.0009762339829256305,0.22631633361079276,9.736882450674729e-06
0.004304759586239327,0.0030058130212158333,0.0018530955095319385,0.30058130212158335,1.8054676226430026e-05
0.004331178956484689,0.0030783467044319056,0.0018759111153095803,0.3078346704431906,1.80800679902241e-05
0.004302410797711778,0.0030195021267536743,0.0018510738672266897,0.3019502126753674,1.8160594667561923e-05
0.0043833513344895695,0.0031832551757145795,0.0019213768921571488,0.31832551757145794,1.9094880374505786e-05
0.005271548548068445,0.0038644285494697683,0.0027789224094642534,0.38644285494697683,2.6554108380136632e-05
0.005339250949061459,0.0040087405789118015,0.0028507600697053686,0.40087405789118014,2.792383522492121e-05
0.00536570756935067,0.004042759237504215,0.0028790817719787074,0.4042759237504215,2.8210146457200143e-05
0.005670998661541103,0.004328431425336756,0.0032160225819200983,0.4328431425336756,3.14460373368261e-05
0.0064758380573836614,0.004967192963378819,0.004193647854545859,0.49671929633788187,4.190755592625465e-05
0.006926587130274313,0.005274969843175838,0.004797760927328174,0.5274969843175839,4.597080582819493e-05
0.007787579145449817,0.0057148179497460835,0.006064638894664491,0.5714817949746084,6.042200559678316e-05
0.00802068578136566,0.006162789552773922,0.006433140040340127,0.6162789552773922,6.433106328760776e-05
0.008385299701808742,0.006737410957745093,0.007031325108915378,0.6737410957745094,7.021393961197991e-05
0.009209164435802802,0.007558253127131224,0.008480870960565514,0.7558253127131224,8.399372578396924e-05
0.008897713804988104,0.007261498847502835,0.00791693109554759,0.7261498847502835,7.899648714811057e-05
0.008987733002910078,0.007413474160712063,0.008077934453159902,0.7413474160712064,8.045706562212823e-05
0.008939746042817153,0.007241969541012665,0.007991905931006493,0.7241969541012665,7.931753586285749e-05
0.008724115431362124,0.006846221652561186,0.007611019005973074,0.6846221652561186,7.586853735549108e-05
0.008335861018945743,0.006570932627231281,0.006948657892717916,0.6570932627231281,6.89797206046806e-05
0.0077037255326691655,0.005939437750804566,0.005934738708269881,0.5939437750804566,5.933890773938697e-05
0.006345441609537951,0.005094096281822563,0.0040264629220055585,0.5094096281822563,3.8887541992001615e-05
0.0066773128596643435,0.005351027658200218,0.0044586507025838815,0.5351027658200218,4.254039141424069e-05
0.0064959984589434494,0.005208593818534974,0.004219799597859567,0.5208593818534974,4.056805587083381e-05
0.005209322562487479,0.004255094879028194,0.002713704156004111,0.4255094879028194,2.700315072898929e-05
0.004935843689647544,0.003894636918582562,0.0024362552928633477,0.3894636918582562,2.370161420581629e-05
0.004775831357111055,0.003759679664422314,0.0022808565151565216,0.3759679664422314,2.1909977499075122e-05
0.004887918128693132,0.003972276178283142,0.002389174363280697,0.3972276178283142,2.250896728527705e-05
0.0048932797929089715,0.004014949012076279,0.0023944187131691268,0.4014949012076279,2.244225353508807e-05
0.0045655228275470975,0.003600011129059975,0.0020843998688853645,0.3600011129059975,2.0259330571828927e-05
0.004645944122634073,0.003671432076130643,0.0021584796790638083,0.3671432076130643,2.092971793606296e-05
0.004604252418331983,0.003660898306343896,0.0021199140331715914,0.3660898306343896,2.1083730926152897e-05
0.00360019422609273,0.0028814924818939126,0.0012961398465591433,0.28814924818939125,1.2694609098432076e-05
0.0031324328297037186,0.0025495295955735393,0.0009812135432605644,0.2549529595573539,9.746488300160275e-06
0.0031548028740411844,0.0026059951225931,0.0009952781174058518,0.26059951225931,9.85371110748639e-06
0.0031068380469733547,0.0025501005319539145,0.000965244265012121,0.25501005319539144,9.394963212095901e-06
0.0029296738092913725,0.002305220085071712,0.000858298862884782,0.2305220085071712,7.792059003782093e-06
0.00275088137894733,0.002100882001265657,0.0007567348361039164,0.21008820012656568,7.275894007485552e-06
0.003102341231941757,0.0023396646757843863,0.0009624521119405898,0.2339664675784386,9.152956973683561e-06
0.003665732733747748,0.0027601933802959607,0.0013437596475269738,0.27601933802959605,1.333802630332187e-05
0.0036227654357283592,0.0027028197062786714,0.0013124429402308088,0.27028197062786713,1.302106323725865e-05
0.003890655446679123,0.0028366383314887204,0.0015137199804773928,0.28366383314887206,1.5084613842723171e-05
0.004095377112697792,0.003181120805767104,0.0016772113695208903,0.3181120805767104,1.6348795455210608e-05
0.004141985927759291,0.003243014243294021,0.0017156047425755992,0.3243014243294021,1.6635527574707112e-05
0.004084428000516893,0.00310397995834369,0.0016682552091406423,0.310397995834369,1.6444680454040214e-05
0.004070239884900054,0.003035115298609552,0.0016566852720631205,0.3035115298609552,1.639632421030622e-05
0.004324107608011676,0.003341538846186388,0.0018697906605664462,0.3341538846186388,1.8697580550055675e-05
0.004627562198229712,0.0037030902837288326,0.00214143318984846,0.37030902837288326,2.111618619267117e-05
0.004571731828813719,0.003668800800995849,0.002090073191458843,0.3668800800995849,2.0876831186506336e-05
0.004313112527368271,0.0034684859129971144,0.0018602939673741112,0.34684859129971146,1.8536277431675242e-05
0.004297894398177496,0.0035033343791437185,0.0018471896257885505,0.3503334379143718,1.818224032442317e-05
0.0038842680209839114,0.003175769338634294,0.0015087538058838272,0.3175769338634294,1.3686614258572061e-05
0.0037383239036364257,0.003005472867596896,0.0013975065608499483,0.3005472867596896,1.3682707213328932e-05
0.003727790525236828,0.003004567869344374,0.0013896422200045464,0.3004567869344374,1.3895404664636108e-05
0.0038100805007594374,0.0031823099606758643,0.0014516713422267286,0.3182309960675864,1.4458844918559918e-05
0.0038935857199496643,0.003353599013666891,0.0015160009758595947,0.3353599013666891,1.5001088929285572e-05
0.0036213676533260147,0.0030783753519203496,0.0013114303680555966,0.30783753519203494,1.2283318470842861e-05
0.0032078633312786968,0.0027020232432320994,0.001029038715216246,0.27020232432320995,1.0047121889116305e-05
0.0030698220459322184,0.002589131289183538,0.0009423807393691469,0.2589131289183538,9.056436559651636e-06
0.0031875816615456764,0.0026563970275385916,0.0010160676849022294,0.2656397027538592,9.437808734152495e-06
0.0028845766026400063,0.0023325585595317918,0.0008320782176498162,0.2332558559531792,8.134989289577765e-06
0.0027814699301801703,0.0021942930494631943,0.000773657497249648,0.21942930494631943,7.683236826994043e-06
0.0026845538276717555,0.002008100599127996,0.0007206829253667072,0.2008100599127996,7.015346649287546e-06
0.0025335724700212684,0.0018303801249188532,0.0006418989460849671,0.1830380124918853,5.777658636101827e-06
0.002400557355118324,0.0016254410905084172,0.0005762675615212682,0.1625441090508417,5.4075879830742855e-06
0.002255949522629559,0.001431454632237937,0.0005089308248652536,0.1431454632237937,4.944756778524684e-06
0.0022473538025610234,0.0014076669578201274,0.0005050599113885491,0.14076669578201273,4.929635871297851e-06
0.0023262821564823816,0.0014912803678813966,0.000541158867156832,0.14912803678813966,5.25702952308873e-06
0.0021453390967589524,0.0013369502301080558,0.0004602479840082518,0.13369502301080557,4.101184847797918e-06
0.0011927302773297392,0.0008553912421564239,0.00014226055144590766,0.08553912421564239,1.364424995449545e-06
0.0012042530169303696,0.0008821166684045041,0.0001450225328785897,0.08821166684045041,1.3182581570789438e-06
0.001189768656672543,0.0008812716199188865,0.00014155494564003877,0.08812716199188865,1.1378212234212108e-06
0.0011786412749929668,0.0008587965234639571,0.00013891952551170464,0.0858796523463957,1.104931816049272e-06
0.0011167144602842157,0.0007618598712727747,0.0001247051185807867,0.07618598712727746,1.034399138039828e-06
0.0011078769825393748,0.0007401720835834508,0.000122739140844055,0.07401720835834508,1.0586854511005042e-06
0.0011461423977499133,0.0007987909097808154,0.00013136423959199202,0.07987909097808155,1.0589233287085736e-06
0.0011155118254269156,0.0007868492132686414,0.00012443666326672893,0.07868492132686414,9.879495843521298e-07
