Czas,AbsSum,Sum
221.426,0.15489799905680113,-0.15489799905680113
221.427,0.1482587688958632,-0.1482587688958632
221.428,0.11950997276201036,-0.11950997276201036
221.429,0.07286743418146435,-0.07286743418146435
221.43,0.01616018300558586,-0.01616018300558586
221.431,0.039858469683725195,0.039858469683725195
221.432,0.08299132064501924,0.08299132064501924
221.433,0.1019462653065073,0.1019462653065073
221.434,0.08925825229082163,0.08925825229082163
221.435,0.044080788242625735,0.044080788242625735
221.436,0.026107002111128486,-0.026107002111128486
221.437,0.10576444731370138,-0.10576444731370138
221.438,0.17397150699312103,-0.17397150699312103
221.439,0.20925437214567,-0.20925437214567
221.44,0.19549586549484765,-0.19549586549484765
221.441,0.1273059128754367,-0.1273059128754367
221.442,0.01312001814203001,-0.01312001814203001
221.443,0.12524813759264486,0.12524813759264486
221.444,0.2569318397310596,0.2569318397310596
221.445,0.34938068633634867,0.34938068633634867
221.446,0.3769159743221091,0.3769159743221091
221.447,0.328080318585096,0.328080318585096
221.448,0.20956183927545569,0.20956183927545569
221.449,0.045348107378687885,0.045348107378687885
221.45,0.12889106538739226,-0.12889106538739226
221.451,0.27477927837200056,-0.27477927837200056
221.452,0.3611126458913543,-0.3611126458913543
221.453,0.37185633017483555,-0.37185633017483555
221.454,0.30997696361927396,-0.30997696361927396
221.455,0.19603152192379936,-0.19603152192379936
221.456,0.06197144048058556,-0.06197144048058556
221.457,0.05797732612182416,0.05797732612182416
221.458,0.13666494909033045,0.13666494909033045
221.459,0.16089672391486753,0.16089672391486753
221.46,0.1339470013117574,0.1339470013117574
221.461,0.07317851312223689,0.07317851312223689
221.462,0.0037224934544977106,0.0037224934544977106
221.463,0.04968280695154359,-0.04968280695154359
221.464,0.07014287440354994,-0.07014287440354994
221.465,0.05314505971662431,-0.05314505971662431
221.466,0.006996522528407989,-0.006996522528407989
221.467,0.05069467012974882,0.05069467012974882
221.468,0.09913915643154225,0.09913915643154225
221.469,0.12101400545129826,0.12101400545129826
221.47,0.10754705396354369,0.10754705396354369
221.471,0.06059102072016764,0.06059102072016764
221.472,0.008698861405113556,-0.008698861405113556
221.473,0.08386341301958478,-0.08386341301958478
221.474,0.14830543949977293,-0.14830543949977293
221.475,0.18988088943081127,-0.18988088943081127
221.476,0.20353282604320055,-0.20353282604320055
221.477,0.19137465819437727,-0.19137465819437727
221.478,0.16054792713819377,-0.16054792713819377
221.479,0.11990387261245616,-0.11990387261245616
221.48,0.07684964131397709,-0.07684964131397709
221.481,0.03548743223211048,-0.03548743223211048
221.482,0.003431482107810302,0.003431482107810302
221.483,0.040970948978280575,0.040970948978280575
221.484,0.07774248579106202,0.07774248579106202
221.485,0.11201155243260574,0.11201155243260574
221.486,0.13909362038412487,0.13909362038412487
221.487,0.15240627344626567,0.15240627344626567
221.488,0.14584885082355115,0.14584885082355115
221.489,0.11660752856668921,0.11660752856668921
221.49,0.06724979717896828,0.06724979717896828
221.491,0.0061701978522836765,0.0061701978522836765
221.492,0.053987731119356064,-0.053987731119356064
221.493,0.0995806611364839,-0.0995806611364839
221.494,0.11990290276255522,-0.11990290276255522
221.495,0.11052577413219988,-0.11052577413219988
221.496,0.07489160731503441,-0.07489160731503441
221.497,0.02355671830655781,-0.02355671830655781
221.498,0.02875904390134787,0.02875904390134787
221.499,0.06743273728980825,0.06743273728980825
221.5,0.08218433839677108,0.08218433839677108
221.501,0.06997813144420695,0.06997813144420695
221.502,0.035681075355591174,0.035681075355591174
221.503,0.0096962497778037,-0.0096962497778037
221.504,0.052576603098189234,-0.052576603098189234
221.505,0.08104372340260924,-0.08104372340260924
221.506,0.08837533730525948,-0.08837533730525948
221.507,0.07479818160936402,-0.07479818160936402
221.508,0.046986917283723284,-0.046986917283723284
221.509,0.015569142545945436,-0.015569142545945436
221.51,0.008472979113255397,0.008472979113255397
221.511,0.01730006884935298,0.01730006884935298
221.512,0.008499356889411391,0.008499356889411391
221.513,0.014506444342398783,-0.014506444342398783
221.514,0.04394071497584129,-0.04394071497584129
221.515,0.07044242022461589,-0.07044242022461589
221.516,0.08613509269263608,-0.08613509269263608
221.517,0.0869707842625358,-0.0869707842625358
221.518,0.07363297934164437,-0.07363297934164437
221.519,0.05081411820183934,-0.05081411820183934
221.52,0.025246327508072985,-0.025246327508072985
221.521,0.0032641133449634596,-0.0032641133449634596
221.522,0.011214684335130176,0.011214684335130176
221.523,0.017611852160960284,0.017611852160960284
221.524,0.018275118619285546,0.018275118619285546
221.525,0.01698943446297463,0.01698943446297463
221.526,0.01706074881219255,0.01706074881219255
221.527,0.019754706455179516,0.019754706455179516
221.528,0.023714118611263713,0.023714118611263713
221.529,0.02558979607332401,0.02558979607332401
221.53,0.02164352502839395,0.02164352502839395
221.531,0.009693469665239762,0.009693469665239762
221.532,0.009386557169145604,-0.009386557169145604
221.533,0.03127056530501238,-0.03127056530501238
221.534,0.04916185695353803,-0.04916185695353803
221.535,0.05592691419547702,-0.05592691419547702
221.536,0.04671001848299017,-0.04671001848299017
221.537,0.021124707045699465,-0.021124707045699465
221.538,0.01581046252219065,0.01581046252219065
221.539,0.05446059170945694,0.05446059170945694
221.54,0.08301008334462923,0.08301008334462923
221.541,0.09091307714270802,0.09091307714270802
221.542,0.0723454091157143,0.0723454091157143
221.543,0.028568341506447048,0.028568341506447048
221.544,0.03162060347501139,-0.03162060347501139
221.545,0.09363813431989021,-0.09363813431989021
221.546,0.14070521141478154,-0.14070521141478154
221.547,0.1583465625541729,-0.1583465625541729
221.548,0.13855796834313616,-0.13855796834313616
221.549,0.08244397655948321,-0.08244397655948321
221.55,0.0005229690906053408,-0.0005229690906053408
221.551,0.08946968566613056,0.08946968566613056
221.552,0.16675780300404486,0.16675780300404486
221.553,0.2126059530356037,0.2126059530356037
221.554,0.21497875455487958,0.21497875455487958
221.555,0.17156398282167928,0.17156398282167928
221.556,0.09039058943456757,0.09039058943456757
221.557,0.012081125052702757,-0.012081125052702757
221.558,0.11485693267453334,-0.11485693267453334
221.559,0.19725745826154406,-0.19725745826154406
221.56,0.24348371271316938,-0.24348371271316938
221.561,0.24580546835915262,-0.24580546835915262
221.562,0.2057020390861397,-0.2057020390861397
221.563,0.13285756384075742,-0.13285756384075742
221.564,0.042465631617584654,-0.042465631617584654
221.565,0.04832198759677464,0.04832198759677464
221.566,0.12385362878811002,0.12385362878811002
221.567,0.17255449400049927,0.17255449400049927
221.568,0.18819454559857007,0.18819454559857007
221.569,0.16985349958239326,0.16985349958239326
221.57,0.12095330312548391,0.12095330312548391
221.571,0.04791562871954902,0.04791562871954902
221.572,0.04103102865261188,-0.04103102865261188
221.573,0.13658956261859212,-0.13658956261859212
221.574,0.2286829924751138,-0.2286829924751138
221.575,0.3065762707284251,-0.3065762707284251
221.576,0.3592490540264225,-0.3592490540264225
221.577,0.3763740081109387,-0.3763740081109387
221.578,0.35000880671950685,-0.35000880671950685
221.579,0.27676418681748316,-0.27676418681748316
221.58,0.15988997936976468,-0.15988997936976468
221.581,0.010550342352246389,-0.010550342352246389
221.582,0.1523798347053349,0.1523798347053349
221.583,0.3043637969109487,0.3043637969109487
221.584,0.4189908543611638,0.4189908543611638
221.585,0.4728840304405262,0.4728840304405262
221.586,0.4507074259512076,0.4507074259512076
221.587,0.34909393684180934,0.34909393684180934
221.588,0.17846027317878055,0.17846027317878055
221.589,0.037893245128503894,-0.037893245128503894
221.59,0.26738895130513185,-0.26738895130513185
221.591,0.4738382237554396,-0.4738382237554396
221.592,0.6240251971684707,-0.6240251971684707
221.593,0.6938355504243764,-0.6938355504243764
221.594,0.6726517489604183,-0.6726517489604183
221.595,0.5651234527133273,-0.5651234527133273
221.596,0.39000009729505924,-0.39000009729505924
221.597,0.17633714446088866,-0.17633714446088866
221.598,0.042087797900822066,0.042087797900822066
221.599,0.23299742036050652,0.23299742036050652
221.6,0.37126747678795136,0.37126747678795136
221.601,0.4429882608499536,0.4429882608499536
221.602,0.44727665493728286,0.44727665493728286
221.603,0.39562834203130115,0.39562834203130115
221.604,0.30904000466934334,0.30904000466934334
221.605,0.2134932307698605,0.2134932307698605
221.606,0.13463386353557838,0.13463386353557838
221.607,0.09258738638493869,0.09258738638493869
221.608,0.09782385056629783,0.09782385056629783
221.609,0.14883291003615096,0.14883291003615096
221.61,0.23210174582853482,0.23210174582853482
221.611,0.32452385361629843,0.32452385361629843
221.612,0.3979384254953706,0.3979384254953706
221.613,0.4250657218952425,0.4250657218952425
221.614,0.38574450224815227,0.38574450224815227
221.615,0.2721857492579085,0.2721857492579085
221.616,0.09201234565349514,0.09201234565349514
221.617,0.13180538873577696,-0.13180538873577696
221.618,0.364412409511502,-0.364412409511502
221.619,0.5654766794657835,-0.5654766794657835
221.62,0.6973554232746113,-0.6973554232746113
221.621,0.7333037487353515,-0.7333037487353515
221.622,0.6638456637160002,-0.6638456637160002
221.623,0.49971330105526324,-0.49971330105526324
221.624,0.27046640859967375,-0.27046640859967375
221.625,0.01888431678064284,-0.01888431678064284
221.626,0.2077572188856751,0.2077572188856751
221.627,0.3676141430723632,0.3676141430723632
221.628,0.43314088235092507,0.43314088235092507
221.629,0.3968267335700959,0.3968267335700959
221.63,0.2724513322089148,0.2724513322089148
221.631,0.09157556756930174,0.09157556756930174
221.632,0.1038703526493171,-0.1038703526493171
221.633,0.27111064464241874,-0.27111064464241874
221.634,0.37589335721233297,-0.37589335721233297
221.635,0.3995351292374616,-0.3995351292374616
221.636,0.3421018226693464,-0.3421018226693464
221.637,0.22117517072980797,-0.22117517072980797
221.638,0.06673868739321354,-0.06673868739321354
221.639,0.0863867957614004,0.0863867957614004
221.64,0.20663405294763426,0.20663405294763426
221.641,0.2723931459398914,0.2723931459398914
221.642,0.275890903619177,0.275890903619177
221.643,0.22359712608243743,0.22359712608243743
221.644,0.1333844305950309,0.1333844305950309
221.645,0.029407135450118194,0.029407135450118194
221.646,0.06390267983059084,-0.06390267983059084
221.647,0.12726934732927264,-0.12726934732927264
221.648,0.15027818104398993,-0.15027818104398993
221.649,0.13271700985894375,-0.13271700985894375
221.65,0.08352587237062425,-0.08352587237062425
221.651,0.017857574439453905,-0.017857574439453905
221.652,0.0468997622575007,0.0468997622575007
221.653,0.09517046596590051,0.09517046596590051
221.654,0.11644480057543927,0.11644480057543927
221.655,0.10713902260766917,0.10713902260766917
221.656,0.0708115427118794,0.0708115427118794
221.657,0.01683792821896457,0.01683792821896457
221.658,0.04205809021969886,-0.04205809021969886
221.659,0.0928265758626452,-0.0928265758626452
221.66,0.12500291988727374,-0.12500291988727374
221.661,0.1328982124639736,-0.1328982124639736
221.662,0.11662372649747577,-0.11662372649747577
221.663,0.08175743164143123,-0.08175743164143123
221.664,0.03775711101672474,-0.03775711101672474
221.665,0.0044913575757408175,0.0044913575757408175
221.666,0.035393957643016005,0.035393957643016005
221.667,0.0489641749421883,0.0489641749421883
221.668,0.044149652109436444,0.044149652109436444
221.669,0.024829453561894255,0.024829453561894255
221.67,0.0015101499143146402,-0.0015101499143146402
221.671,0.026050198789999146,-0.026050198789999146
221.672,0.04121812735142816,-0.04121812735142816
221.673,0.04282717387840074,-0.04282717387840074
221.674,0.03115046882364514,-0.03115046882364514
221.675,0.01061622689474262,-0.01061622689474262
221.676,0.011770778564944795,0.011770778564944795
221.677,0.028777879837187603,0.028777879837187603
221.678,0.03531010578732152,0.03531010578732152
221.679,0.030025777201577508,0.030025777201577508
221.68,0.01567135010400067,0.01567135010400067
221.681,0.001977696571978549,-0.001977696571978549
221.682,0.016216753742247736,-0.016216753742247736
221.683,0.02183948986991857,-0.02183948986991857
221.684,0.01705164800821035,-0.01705164800821035
221.685,0.004186680360642181,-0.004186680360642181
221.686,0.011063340051204129,0.011063340051204129
221.687,0.021676572527213445,0.021676572527213445
221.688,0.021912544825440028,0.021912544825440028
221.689,0.009594074954371923,0.009594074954371923
221.69,0.012776341824800364,-0.012776341824800364
221.691,0.03853027051697855,-0.03853027051697855
221.692,0.058889660550679124,-0.058889660550679124
221.693,0.06592967139328121,-0.06592967139328121
221.694,0.05545798744752217,-0.05545798744752217
221.695,0.028793593567458142,-0.028793593567458142
221.696,0.007246872290158413,0.007246872290158413
221.697,0.042264916339811665,0.042264916339811665
221.698,0.06555668781073654,0.06555668781073654
221.699,0.06970879179301459,0.06970879179301459
221.7,0.053301804601163516,0.053301804601163516
221.701,0.021743443068157786,0.021743443068157786
221.702,0.014169071178841919,-0.014169071178841919
221.703,0.04161494134216659,-0.04161494134216659
221.704,0.050034982677994666,-0.050034982677994666
221.705,0.03496304739293854,-0.03496304739293854
221.706,0.00010339810443038555,-0.00010339810443038555
221.707,0.04314236280725514,0.04314236280725514
221.708,0.07870804487827265,0.07870804487827265
221.709,0.09063986077347996,0.09063986077347996
221.71,0.06820561857713336,0.06820561857713336
221.711,0.009754767037639,0.009754767037639
221.712,0.07592752086342214,-0.07592752086342214
221.713,0.17130088930421816,-0.17130088930421816
221.714,0.2544024026989028,-0.2544024026989028
221.715,0.30463624060921524,-0.30463624060921524
221.716,0.3083658149583167,-0.3083658149583167
221.717,0.26269165920658144,-0.26269165920658144
221.718,0.1763241270982585,-0.1763241270982585
221.719,0.06731155629138597,-0.06731155629138597
221.72,0.04169966532261782,0.04169966532261782
221.721,0.12929550890774366,0.12929550890774366
221.722,0.18055928474902383,0.18055928474902383
221.723,0.19033390942463257,0.19033390942463257
221.724,0.1636792143921768,0.1636792143921768
221.725,0.11356757676816698,0.11356757676816698
221.726,0.05665370009832804,0.05665370009832804
221.727,0.008457008230695395,0.008457008230695395
221.728,0.020629619408071065,-0.020629619408071065
221.729,0.027442281412330072,-0.027442281412330072
221.73,0.015842199630360376,-0.015842199630360376
221.731,0.0054895653104520825,0.0054895653104520825
221.732,0.026382154472823105,0.026382154472823105
221.733,0.03849812871464353,0.03849812871464353
221.734,0.03763598411829028,0.03763598411829028
221.735,0.02442218740203672,0.02442218740203672
221.736,0.0033741373026368038,0.0033741373026368038
221.737,0.019161404367750712,-0.019161404367750712
221.738,0.037380027640943614,-0.037380027640943614
221.739,0.04787394946642187,-0.04787394946642187
221.74,0.05040415327798753,-0.05040415327798753
221.741,0.04745395722008683,-0.04745395722008683
221.742,0.042863207052007635,-0.042863207052007635
221.743,0.04013617820637139,-0.04013617820637139
221.744,0.04107803738056348,-0.04107803738056348
221.745,0.0452398041170865,-0.0452398041170865
221.746,0.05031780594850066,-0.05031780594850066
221.747,0.05328894539151818,-0.05328894539151818
221.748,0.051799430389152246,-0.051799430389152246
221.749,0.045251114446316465,-0.045251114446316465
221.75,0.035163774832457584,-0.035163774832457584
221.751,0.024676575219515606,-0.024676575219515606
221.752,0.017379353067884518,-0.017379353067884518
221.753,0.015914756230895444,-0.015914756230895444
221.754,0.020877355228174244,-0.020877355228174244
221.755,0.030428621090482277,-0.030428621090482277
221.756,0.040788867727618694,-0.040788867727618694
221.757,0.047452923967297056,-0.047452923967297056
221.758,0.04671737673450749,-0.04671737673450749
221.759,0.03699408021619577,-0.03699408021619577
221.76,0.019455092968643006,-0.019455092968643006
221.761,0.0022183428260571514,0.0022183428260571514
221.762,0.022906183713892192,0.022906183713892192
221.763,0.03758758609887192,0.03758758609887192
221.764,0.04284198631711966,0.04284198631711966
221.765,0.03782814458308281,0.03782814458308281
221.766,0.024437838978104587,0.024437838978104587
221.767,0.006600226187088776,0.006600226187088776
221.768,0.011006750467142945,-0.011006750467142945
221.769,0.024394718884301114,-0.024394718884301114
221.77,0.0313771701260146,-0.0313771701260146
221.771,0.03200823207678538,-0.03200823207678538
221.772,0.028241963397602765,-0.028241963397602765
221.773,0.022975685620755137,-0.022975685620755137
221.774,0.018845771625569774,-0.018845771625569774
221.775,0.017216224896329013,-0.017216224896329013
221.776,0.01771779357643488,-0.01771779357643488
221.777,0.018489988993203088,-0.018489988993203088
221.778,0.01702339385258511,-0.01702339385258511
221.779,0.011284071491548864,-0.011284071491548864
221.78,0.0007000645178065756,-0.0007000645178065756
221.781,0.013363536284515698,0.013363536284515698
221.782,0.02783619514720259,0.02783619514720259
221.783,0.03882697280410374,0.03882697280410374
221.784,0.04287658605390554,0.04287658605390554
221.785,0.03815255433980491,0.03815255433980491
221.786,0.025169835825618714,0.025169835825618714
221.787,0.006769265746277453,0.006769265746277453
221.788,0.012669133245050146,-0.012669133245050146
221.789,0.028542407315726104,-0.028542407315726104
221.79,0.037449385264285984,-0.037449385264285984
221.791,0.038253677332205194,-0.038253677332205194
221.792,0.03242141276207988,-0.03242141276207988
221.793,0.023500583191728985,-0.023500583191728985
221.794,0.01588990435517934,-0.01588990435517934
221.795,0.013285704128190745,-0.013285704128190745
221.796,0.017315792200243596,-0.017315792200243596
221.797,0.026827156441705857,-0.026827156441705857
221.798,0.03809874813704017,-0.03809874813704017
221.799,0.04596006361593874,-0.04596006361593874
221.8,0.04550082825628754,-0.04550082825628754
221.801,0.03385060283142227,-0.03385060283142227
221.802,0.011457511034821843,-0.011457511034821843
221.803,0.017577044408919162,0.017577044408919162
221.804,0.04628010924843129,0.04628010924843129
221.805,0.06654328113481744,0.06654328113481744
221.806,0.07135334782993308,0.07135334782993308
221.807,0.056887940749663635,0.056887940749663635
221.808,0.023859383309601467,0.023859383309601467
221.809,0.022314691573142698,-0.022314691573142698
221.81,0.07261159021442787,-0.07261159021442787
221.811,0.11651324002517882,-0.11651324002517882
221.812,0.1445739448991552,-0.1445739448991552
221.813,0.1507588471271596,-0.1507588471271596
221.814,0.13392368235471097,-0.13392368235471097
221.815,0.09804188427501381,-0.09804188427501381
221.816,0.05113018413617032,-0.05113018413617032
221.817,0.003179408116654736,-0.003179408116654736
221.818,0.0363379547048579,0.0363379547048579
221.819,0.06071132193870388,0.06071132193870388
221.82,0.06740361060094835,0.06740361060094835
221.821,0.058296405800721374,0.058296405800721374
221.822,0.0387676637168719,0.0387676637168719
221.823,0.01592179748769129,0.01592179748769129
221.824,0.0034903374166144197,-0.0034903374166144197
221.825,0.0148675775462761,-0.0148675775462761
221.826,0.01679088772311399,-0.01679088772311399
221.827,0.011056855707426316,-0.011056855707426316
221.828,0.0017756852459661632,-0.0017756852459661632
221.829,0.006138765705921312,0.006138765705921312
221.83,0.008604421991465383,0.008604421991465383
221.831,0.003642903677695264,0.003642903677695264
221.832,0.00806524620267901,-0.00806524620267901
221.833,0.023464405683237044,-0.023464405683237044
221.834,0.0381162505930458,-0.0381162505930458
221.835,0.047570375037124024,-0.047570375037124024
221.836,0.048691725780400374,-0.048691725780400374
221.837,0.04056105889507111,-0.04056105889507111
221.838,0.02471194210420191,-0.02471194210420191
221.839,0.004674422576904647,-0.004674422576904647
221.84,0.015003401446068043,0.015003401446068043
221.841,0.029947875150443393,0.029947875150443393
221.842,0.037021513007395424,0.037021513007395424
221.843,0.034975572521851905,0.034975572521851905
221.844,0.024556887634469504,0.024556887634469504
221.845,0.008101048944901823,0.008101048944901823
221.846,0.011213226391948883,-0.011213226391948883
221.847,0.030197525442287265,-0.030197525442287265
221.848,0.04633130454220202,-0.04633130454220202
221.849,0.05812047742757431,-0.05812047742757431
221.85,0.06509540799014002,-0.06509540799014002
221.851,0.0675266429070801,-0.0675266429070801
221.852,0.06601666294291864,-0.06601666294291864
221.853,0.061143416272222084,-0.061143416272222084
221.854,0.053286149091099855,-0.053286149091099855
221.855,0.042676637023892905,-0.042676637023892905
221.856,0.02962276890941473,-0.02962276890941473
221.857,0.014781072931693728,-0.014781072931693728
221.858,0.0006657167411217024,0.0006657167411217024
221.859,0.015034604065840229,0.015034604065840229
221.86,0.02640271395314242,0.02640271395314242
221.861,0.03304121780064162,0.03304121780064162
221.862,0.033888752339050976,0.033888752339050976
221.863,0.028902345584918443,0.028902345584918443
221.864,0.019152432911164308,0.019152432911164308
221.865,0.00660576945842406,0.00660576945842406
221.866,0.00635869158118052,-0.00635869158118052
221.867,0.017564080327356013,-0.017564080327356013
221.868,0.025592332190323086,-0.025592332190323086
221.869,0.030104810454456565,-0.030104810454456565
221.87,0.03181744414183141,-0.03181744414183141
221.871,0.03213026345595116,-0.03213026345595116
221.872,0.03252656184302283,-0.03252656184302283
221.873,0.033940538744726134,-0.033940538744726134
221.874,0.0363146644605955,-0.0363146644605955
221.875,0.0385178955097738,-0.0385178955097738
221.876,0.03868490082120435,-0.03868490082120435
221.877,0.03489680758456193,-0.03489680758456193
221.878,0.02599929943944035,-0.02599929943944035
221.879,0.012286116026262506,-0.012286116026262506
221.88,0.004208222576461251,0.004208222576461251
221.881,0.019961459901544076,0.019961459901544076
221.882,0.030756141270539494,0.030756141270539494
221.883,0.032830455240644874,0.032830455240644874
221.884,0.02407202316789392,0.02407202316789392
221.885,0.004891653536146956,0.004891653536146956
221.886,0.02152488647855788,-0.02152488647855788
221.887,0.04972951444461826,-0.04972951444461826
221.888,0.07321493414381075,-0.07321493414381075
221.889,0.08602318917292218,-0.08602318917292218
221.89,0.08433377931499852,-0.08433377931499852
221.891,0.06758218028549556,-0.06758218028549556
221.892,0.038768213736454116,-0.038768213736454116
221.893,0.0038288932837263756,-0.0038288932837263756
221.894,0.029787118518446842,0.029787118518446842
221.895,0.05497309052652599,0.05497309052652599
221.896,0.06674270351447231,0.06674270351447231
221.897,0.06344132408938585,0.06344132408938585
221.898,0.04705384713158822,0.04705384713158822
221.899,0.02253037736430552,0.02253037736430552
221.9,0.003665459193503917,-0.003665459193503917
221.901,0.025356625185257164,-0.025356625185257164
221.902,0.03827623824567972,-0.03827623824567972
221.903,0.041051971110833696,-0.041051971110833696
221.904,0.0352907024761373,-0.0352907024761373
221.905,0.024782033055168795,-0.024782033055168795
221.906,0.014108369481325655,-0.014108369481325655
221.907,0.007123745046651031,-0.007123745046651031
221.908,0.005788738857397613,-0.005788738857397613
221.909,0.009717880923967193,-0.009717880923967193
221.91,0.01655230805528496,-0.01655230805528496
221.911,0.022994330684287134,-0.022994330684287134
221.912,0.026122845490636037,-0.026122845490636037
221.913,0.0245209447876914,-0.0245209447876914
221.914,0.018818450513299778,-0.018818450513299778
221.915,0.011458425971365704,-0.011458425971365704
221.916,0.005768707684482677,-0.005768707684482677
221.917,0.004665332139202838,-0.004665332139202838
221.918,0.00945057672398486,-0.00945057672398486
221.919,0.019146554674371208,-0.019146554674371208
221.92,0.030630866489350983,-0.030630866489350983
221.921,0.039570247632390365,-0.039570247632390365
221.922,0.04187122911728747,-0.04187122911728747
221.923,0.03517686845088053,-0.03517686845088053
221.924,0.019901321773594716,-0.019901321773594716
221.925,0.0005747431640465983,0.0005747431640465983
221.926,0.020664979598069788,0.020664979598069788
221.927,0.03410575367460433,0.03410575367460433
221.928,0.03581058622061062,0.03581058622061062
221.929,0.02349166182172513,0.02349166182172513
221.93,0.001453702786286759,-0.001453702786286759
221.931,0.03407957954453489,-0.03407957954453489
221.932,0.06703476533267794,-0.06703476533267794
221.933,0.09239806793898753,-0.09239806793898753
221.934,0.10368981798684518,-0.10368981798684518
221.935,0.09750071459514853,-0.09750071459514853
221.936,0.07430259328809685,-0.07430259328809685
221.937,0.038252543433177855,-0.038252543433177855
221.938,0.003907918782423803,0.003907918782423803
221.939,0.044512817792220494,0.044512817792220494
221.94,0.07671748511347065,0.07671748511347065
221.941,0.09587562396315663,0.09587562396315663
221.942,0.10024065940966653,0.10024065940966653
221.943,0.09090418075279749,0.09090418075279749
221.944,0.07110257862039138,0.07110257862039138
221.945,0.04517371889051658,0.04517371889051658
221.946,0.017491296653680877,0.017491296653680877
221.947,0.008353849576887007,-0.008353849576887007
221.948,0.02998405936373283,-0.02998405936373283
221.949,0.04627981935553116,-0.04627981935553116
221.95,0.05715253655610819,-0.05715253655610819
221.951,0.06320321558115438,-0.06320321558115438
221.952,0.06540257529093985,-0.06540257529093985
221.953,0.06486164926671167,-0.06486164926671167
221.954,0.06268865052088268,-0.06268865052088268
221.955,0.059882090424803525,-0.059882090424803525
221.956,0.05720922044987675,-0.05720922044987675
221.957,0.05505732567889088,-0.05505732567889088
221.958,0.05329878652009479,-0.05329878652009479
221.959,0.05124758136524188,-0.05124758136524188
221.96,0.04778104096238511,-0.04778104096238511
221.961,0.04165107427577752,-0.04165107427577752
221.962,0.03193071808448644,-0.03193071808448644
221.963,0.018467377394205786,-0.018467377394205786
221.964,0.002178457473375639,-0.002178457473375639
221.965,0.01494964045980729,0.01494964045980729
221.966,0.03021323496507966,0.03021323496507966
221.967,0.040829342220752185,0.040829342220752185
221.968,0.044685720395558404,0.044685720395558404
221.969,0.04097068931769665,0.04097068931769665
221.97,0.030470501619536794,0.030470501619536794
221.971,0.015418998691816732,0.015418998691816732
221.972,0.0010721583379315058,-0.0010721583379315058
221.973,0.015833638424111784,-0.015833638424111784
221.974,0.026452797602775746,-0.026452797602775746
221.975,0.03182579778908645,-0.03182579778908645
221.976,0.03228016275234269,-0.03228016275234269
221.977,0.029248785878590366,-0.029248785878590366
221.978,0.02463130680642034,-0.02463130680642034
221.979,0.02008408943443074,-0.02008408943443074
221.98,0.016496951347677702,-0.016496951347677702
221.981,0.013836714542098338,-0.013836714542098338
221.982,0.011393314268069776,-0.011393314268069776
221.983,0.008307609600380239,-0.008307609600380239
221.984,0.004150569689760242,-0.004150569689760242
221.985,0.0006964250807199868,0.0006964250807199868
221.986,0.0050318634137844764,0.0050318634137844764
221.987,0.007218273943315534,0.007218273943315534
221.988,0.005821693159697716,0.005821693159697716
221.989,0.0002555477075028012,0.0002555477075028012
221.99,0.008838686697042797,-0.008838686697042797
221.991,0.01965241480446256,-0.01965241480446256
221.992,0.029725748051156686,-0.029725748051156686
221.993,0.036751629764318006,-0.036751629764318006
221.994,0.039376408703692856,-0.039376408703692856
221.995,0.03768621833475283,-0.03768621833475283
221.996,0.03316968008080745,-0.03316968008080745
221.997,0.028136755671815727,-0.028136755671815727
221.998,0.024783752219742494,-0.024783752219742494
221.999,0.024246434406056894,-0.024246434406056894
222.0,0.02601518137673753,-0.02601518137673753
222.001,0.027977842582628365,-0.027977842582628365
222.002,0.027138356427929056,-0.027138356427929056
222.003,0.020805830227595523,-0.020805830227595523
222.004,0.00785096191147383,-0.00785096191147383
222.005,0.010438954816567536,0.010438954816567536
222.006,0.03027537796022073,0.03027537796022073
222.007,0.04618223102920194,0.04618223102920194
222.008,0.052530178181157794,0.052530178181157794
222.009,0.045346414328966356,0.045346414328966356
222.01,0.023821739629795724,0.023821739629795724
222.011,0.00900875989328409,-0.00900875989328409
222.012,0.04670131094760277,-0.04670131094760277
222.013,0.08090224805676982,-0.08090224805676982
222.014,0.10351447583052054,-0.10351447583052054
222.015,0.10890731208189386,-0.10890731208189386
222.016,0.09550881918764387,-0.09550881918764387
222.017,0.06629193386378462,-0.06629193386378462
222.018,0.02799499648006809,-0.02799499648006809
222.019,0.010700037362606052,0.010700037362606052
222.02,0.04149405955533991,0.04149405955533991
222.021,0.058617916589833285,0.058617916589833285
222.022,0.060182668694367836,0.060182668694367836
222.023,0.048370955726999565,0.048370955726999565
222.024,0.028467555482653895,0.028467555482653895
222.025,0.007076134200795892,0.007076134200795892
222.026,0.009902258427811783,-0.009902258427811783
222.027,0.01891232982373947,-0.01891232982373947
222.028,0.01954382337352112,-0.01954382337352112
222.029,0.014307889330957169,-0.014307889330957169
222.03,0.007535954306991943,-0.007535954306991943
222.031,0.0038046996955837242,-0.0038046996955837242
222.032,0.006405779540812229,-0.006405779540812229
222.033,0.016324566932220175,-0.016324566932220175
222.034,0.03199841457627617,-0.03199841457627617
222.035,0.049864028521849346,-0.049864028521849346
222.036,0.06546362581260301,-0.06546362581260301
222.037,0.07473415766541913,-0.07473415766541913
222.038,0.07508917512260704,-0.07508917512260704
222.039,0.0660091064781907,-0.0660091064781907
222.04,0.04903486966416126,-0.04903486966416126
222.041,0.02724583018967386,-0.02724583018967386
222.042,0.0044363042589419255,-0.0044363042589419255
222.043,0.015748937546766095,0.015748937546766095
222.044,0.030500240326854833,0.030500240326854833
222.045,0.03822752209315228,0.03822752209315228
222.046,0.038632212874144534,0.038632212874144534
222.047,0.032538707818769996,0.032538707818769996
222.048,0.021591442687860507,0.021591442687860507
222.049,0.007910320464436849,0.007910320464436849
222.05,0.006242555141796502,-0.006242555141796502
222.051,0.018769989414739174,-0.018769989414739174
222.052,0.028021016858052694,-0.028021016858052694
222.053,0.03303420914376731,-0.03303420914376731
222.054,0.033702943276839425,-0.033702943276839425
222.055,0.030802449939118737,-0.030802449939118737
222.056,0.02582690757212447,-0.02582690757212447
222.057,0.020629384550444718,-0.020629384550444718
222.058,0.01692657806275466,-0.01692657806275466
222.059,0.01579686601479313,-0.01579686601479313
222.06,0.01733232332223078,-0.01733232332223078
222.061,0.020580870969764575,-0.020580870969764575
222.062,0.02383259575309904,-0.02383259575309904
222.063,0.025188000005376354,-0.025188000005376354
222.064,0.02323666879289976,-0.02323666879289976
222.065,0.017616324162034847,-0.017616324162034847
222.066,0.00924317298980315,-0.00924317298980315
222.067,0.00010535390064392303,-0.00010535390064392303
222.068,0.007338478160813899,0.007338478160813899
222.069,0.010966344772829206,0.010966344772829206
222.07,0.009728736689915918,0.009728736689915918
222.071,0.004044346932331022,0.004044346932331022
222.072,0.004304108014819619,-0.004304108014819619
222.073,0.01275886772435697,-0.01275886772435697
222.074,0.018866151674320042,-0.018866151674320042
222.075,0.021133339557998565,-0.021133339557998565
222.076,0.019545566986382656,-0.019545566986382656
222.077,0.015535474806393723,-0.015535474806393723
222.078,0.011396271309167205,-0.011396271309167205
222.079,0.0093395317587196,-0.0093395317587196
222.08,0.01054651480933999,-0.01054651480933999
222.081,0.014585826485142395,-0.014585826485142395
222.082,0.01945432832389471,-0.01945432832389471
222.083,0.022276961025670006,-0.022276961025670006
222.084,0.02045070616500322,-0.02045070616500322
222.085,0.012829797114468522,-0.012829797114468522
222.086,0.0004976100629924263,-0.0004976100629924263
222.087,0.01321618775404354,0.01321618775404354
222.088,0.02356690218782309,0.02356690218782309
222.089,0.025866809693873893,0.025866809693873893
222.09,0.017140431677708845,0.017140431677708845
222.091,0.0025998693204125622,-0.0025998693204125622
222.092,0.02993568979448924,-0.02993568979448924
222.093,0.05870205278170981,-0.05870205278170981
222.094,0.08159506076653389,-0.08159506076653389
222.095,0.09227202941925405,-0.09227202941925405
222.096,0.08729845733338393,-0.08729845733338393
222.097,0.06731294883203953,-0.06731294883203953
222.098,0.037007048912073515,-0.037007048912073515
222.099,0.003883373539703139,-0.003883373539703139
222.1,0.0238553932171095,0.0238553932171095
222.101,0.03965028892636391,0.03965028892636391
222.102,0.040443279213509875,0.040443279213509875
222.103,0.027476114908739913,0.027476114908739913
222.104,0.005790998183842211,0.005790998183842211
222.105,0.01739802144978375,-0.01739802144978375
222.106,0.034941313964092835,-0.034941313964092835
222.107,0.04189340635645422,-0.04189340635645422
222.108,0.036896831727332824,-0.036896831727332824
222.109,0.022405068574591125,-0.022405068574591125
222.11,0.003717143864266248,-0.003717143864266248
222.111,0.012827579111868603,0.012827579111868603
222.112,0.021893072701550054,0.021893072701550054
222.113,0.02077565240715029,0.02077565240715029
222.114,0.010124355927390916,0.010124355927390916
222.115,0.0064305758363664145,-0.0064305758363664145
222.116,0.023568830364659843,-0.023568830364659843
222.117,0.03603501744692017,-0.03603501744692017
222.118,0.04027859355768115,-0.04027859355768115
222.119,0.035468491022272786,-0.035468491022272786
222.12,0.023600138383402136,-0.023600138383402136
222.121,0.008716844456471584,-0.008716844456471584
222.122,0.004454651557549205,0.004454651557549205
222.123,0.011990967829080601,0.011990967829080601
222.124,0.01191270619001239,0.01191270619001239
222.125,0.004653785733512272,0.004653785733512272
222.126,0.0072316594259157485,-0.0072316594259157485
222.127,0.01997373341044939,-0.01997373341044939
222.128,0.029778751499024536,-0.029778751499024536
222.129,0.03392943688952754,-0.03392943688952754
222.13,0.03148084268667484,-0.03148084268667484
222.131,0.02339354635043389,-0.02339354635043389
222.132,0.012128071802618656,-0.012128071802618656
222.133,0.0008749857037755326,-0.0008749857037755326
222.134,0.00732770028160612,0.00732770028160612
222.135,0.01034567068022918,0.01034567068022918
222.136,0.007398230594904298,0.007398230594904298
222.137,0.0008572147607426306,-0.0008572147607426306
222.138,0.012571628726679163,-0.012571628726679163
222.139,0.025181599734767635,-0.025181599734767635
222.14,0.03599238511728764,-0.03599238511728764
222.141,0.04274897171218439,-0.04274897171218439
222.142,0.04410000992866425,-0.04410000992866425
222.143,0.03988334308960939,-0.03988334308960939
222.144,0.031182425284274506,-0.031182425284274506
222.145,0.02012584687364405,-0.02012584687364405
222.146,0.009437367016390419,-0.009437367016390419
222.147,0.0017963272701421173,-0.0017963272701421173
222.148,0.0008690438581546722,0.0008690438581546722
222.149,0.002019393775275047,-0.002019393775275047
222.15,0.009388029560936872,-0.009388029560936872
222.151,0.018652206347203548,-0.018652206347203548
222.152,0.026337046860383073,-0.026337046860383073
222.153,0.029068165493033593,-0.029068165493033593
222.154,0.02467814985033001,-0.02467814985033001
222.155,0.01308909691803506,-0.01308909691803506
222.156,0.0033523535005024474,0.0033523535005024474
222.157,0.020279693549222655,0.020279693549222655
222.158,0.03242378864663653,0.03242378864663653
222.159,0.03517232318200292,0.03517232318200292
222.16,0.02611651660856662,0.02611651660856662
222.161,0.006077125345658407,0.006077125345658407
222.162,0.020784555166832308,-0.020784555166832308
222.163,0.04790429056594492,-0.04790429056594492
222.164,0.06810088325912367,-0.06810088325912367
222.165,0.07571054633542951,-0.07571054633542951
222.166,0.06840988585812913,-0.06840988585812913
222.167,0.048114896186080336,-0.048114896186080336
222.168,0.020599018084388687,-0.020599018084388687
222.169,0.006132570629324263,0.006132570629324263
222.17,0.024265205940021017,0.024265205940021017
222.171,0.02865687334772593,0.02865687334772593
222.172,0.01857941375155847,0.01857941375155847
222.173,0.0018858755111569314,-0.0018858755111569314
222.174,0.024996964086552054,-0.024996964086552054
222.175,0.041750493814658785,-0.041750493814658785
222.176,0.0448177136323441,-0.0448177136323441
222.177,0.031095627913598434,-0.031095627913598434
222.178,0.0030349048181502747,-0.0030349048181502747
222.179,0.03173710524166329,0.03173710524166329
222.18,0.062455712132878594,0.062455712132878594
222.181,0.07835090556796631,0.07835090556796631
222.182,0.07194170530380828,0.07194170530380828
222.183,0.04148729287449182,0.04148729287449182
222.184,0.008171693931794732,-0.008171693931794732
222.185,0.06666735461548101,-0.06666735461548101
222.186,0.1207670681290206,-0.1207670681290206
222.187,0.15787251160210358,-0.15787251160210358
222.188,0.1693379115052931,-0.1693379115052931
222.189,0.15265830036380745,-0.15265830036380745
222.19,0.11193364407726059,-0.11193364407726059
222.191,0.05654018823787932,-0.05654018823787932
222.192,0.0015314944094424465,0.0015314944094424465
222.193,0.05084510877677739,0.05084510877677739
222.194,0.08326806026383071,0.08326806026383071
222.195,0.09556253611393739,0.09556253611393739
222.196,0.08947806888875243,0.08947806888875243
222.197,0.07047940673504005,0.07047940673504005
222.198,0.04563899713590014,0.04563899713590014
222.199,0.02142129548057481,0.02142129548057481
222.2,0.0020387675025379526,0.0020387675025379526
222.201,0.0111980528346598,-0.0111980528346598
222.202,0.019480713054673693,-0.019480713054673693
222.203,0.02534404910502952,-0.02534404910502952
222.204,0.03125358969020875,-0.03125358969020875
222.205,0.03846738561602059,-0.03846738561602059
222.206,0.04654276140891911,-0.04654276140891911
222.207,0.05359079675378331,-0.05359079675378331
222.208,0.05710601979697549,-0.05710601979697549
222.209,0.05501178147171315,-0.05501178147171315
222.21,0.046519780363670216,-0.046519780363670216
222.211,0.032506008266807385,-0.032506008266807385
222.212,0.015304220069830232,-0.015304220069830232
222.213,0.001968019445123481,0.001968019445123481
222.214,0.016284497441005685,0.016284497441005685
222.215,0.025479984957579305,0.025479984957579305
222.216,0.028680626005184395,0.028680626005184395
222.217,0.02630876496802892,0.02630876496802892
222.218,0.0197347005542996,0.0197347005542996
222.219,0.01075723257038197,0.01075723257038197
222.22,0.001119240233490304,0.001119240233490304
222.221,0.007794695697049825,-0.007794695697049825
222.222,0.015039627360546981,-0.015039627360546981
222.223,0.02003673811359441,-0.02003673811359441
222.224,0.022467675765246886,-0.022467675765246886
222.225,0.02224582790032248,-0.02224582790032248
222.226,0.01960142222810568,-0.01960142222810568
222.227,0.015224514966086233,-0.015224514966086233
222.228,0.010344097561147736,-0.010344097561147736
222.229,0.006618637523657989,-0.006618637523657989
222.23,0.005781299631394732,-0.005781299631394732
222.231,0.009097113583753647,-0.009097113583753647
222.232,0.016801177475203044,-0.016801177475203044
222.233,0.027744343551888484,-0.027744343551888484
222.234,0.039441687824273486,-0.039441687824273486
222.235,0.04859950274758995,-0.04859950274758995
222.236,0.05202559821528652,-0.05202559821528652
222.237,0.0476673223948193,-0.0476673223948193
222.238,0.035436078602094856,-0.035436078602094856
222.239,0.01750747411949205,-0.01750747411949205
222.24,0.002066794478120082,0.002066794478120082
222.241,0.01837884410149626,0.01837884410149626
222.242,0.027039773733916528,0.027039773733916528
222.243,0.025492595944574203,0.025492595944574203
222.244,0.013838607785220391,0.013838607785220391
222.245,0.005109625240584781,-0.005109625240584781
222.246,0.026594226191423376,-0.026594226191423376
222.247,0.04527624179085166,-0.04527624179085166
222.248,0.056776802786822844,-0.056776802786822844
222.249,0.05890917482457936,-0.05890917482457936
222.25,0.0522121355831352,-0.0522121355831352
222.251,0.03962271242021542,-0.03962271242021542
222.252,0.0254093316056756,-0.0254093316056756
222.253,0.013729196203757454,-0.013729196203757454
222.254,0.007293643178645226,-0.007293643178645226
222.255,0.006581587790760346,-0.006581587790760346
222.256,0.00984932053193388,-0.00984932053193388
222.257,0.013911099865081433,-0.013911099865081433
222.258,0.015403247369128903,-0.015403247369128903
222.259,0.0120840691979327,-0.0120840691979327
222.26,0.0037165659446098953,-0.0037165659446098953
222.261,0.0077695869668701345,0.0077695869668701345
222.262,0.018889193626697498,0.018889193626697498
222.263,0.025772879079473565,0.025772879079473565
222.264,0.025496868304369258,0.025496868304369258
222.265,0.01712011955180115,0.01712011955180115
222.266,0.0020818236055748507,0.0020818236055748507
222.267,0.01616890664597226,-0.01616890664597226
222.268,0.03318260899946601,-0.03318260899946601
222.269,0.04482267731836986,-0.04482267731836986
222.27,0.048457126719087085,-0.048457126719087085
222.271,0.04365786607354161,-0.04365786607354161
222.272,0.03221022899609227,-0.03221022899609227
222.273,0.01746591956235155,-0.01746591956235155
222.274,0.003280086358418699,-0.003280086358418699
222.275,0.007109889465465313,0.007109889465465313
222.276,0.0119137176209545,0.0119137176209545
222.277,0.011096793609746136,0.011096793609746136
222.278,0.006126157043267133,0.006126157043267133
222.279,0.000703011434297629,-0.000703011434297629
222.28,0.007096068346201023,-0.007096068346201023
222.281,0.011456988337297136,-0.011456988337297136
222.282,0.01324681597097832,-0.01324681597097832
222.283,0.012933100761623906,-0.012933100761623906
222.284,0.011609139760075937,-0.011609139760075937
222.285,0.01046593709957,-0.01046593709957
222.286,0.010327329894762927,-0.010327329894762927
222.287,0.011407608379933376,-0.011407608379933376
222.288,0.013347700942394791,-0.013347700942394791
222.289,0.015473793604246944,-0.015473793604246944
222.29,0.01714374462544055,-0.01714374462544055
222.291,0.01802815127547619,-0.01802815127547619
222.292,0.018215863426489287,-0.018215863426489287
222.293,0.018116060923880184,-0.018116060923880184
222.294,0.0182153300256217,-0.0182153300256217
222.295,0.01880430027164326,-0.01880430027164326
222.296,0.019794445951412776,-0.019794445951412776
222.297,0.02070275197437077,-0.02070275197437077
222.298,0.02081040181027405,-0.02081040181027405
222.299,0.01943172531846049,-0.01943172531846049
222.3,0.016188977830189466,-0.016188977830189466
222.301,0.011191296851738919,-0.011191296851738919
222.302,0.005058281374524021,-0.005058281374524021
222.303,0.0012096279566600199,0.0012096279566600199
222.304,0.006456791538301143,0.006456791538301143
222.305,0.00961044987395221,0.00961044987395221
222.306,0.00985830048929115,0.00985830048929115
222.307,0.006732452190860938,0.006732452190860938
222.308,0.00011535855018118824,0.00011535855018118824
222.309,0.00978254195193673,-0.00978254195193673
222.31,0.022420543412190352,-0.022420543412190352
222.311,0.03687734653659791,-0.03687734653659791
222.312,0.05177777064001887,-0.05177777064001887
222.313,0.06526520791029944,-0.06526520791029944
222.314,0.07510358807614503,-0.07510358807614503
222.315,0.07896606175216936,-0.07896606175216936
222.316,0.074903576086089,-0.074903576086089
222.317,0.06190614530096872,-0.06190614530096872
222.318,0.040403819042832856,-0.040403819042832856
222.319,0.012532175684718538,-0.012532175684718538
222.32,0.017975810311726903,0.017975810311726903
222.321,0.04631845703995019,0.04631845703995019
222.322,0.06750136705842857,0.06750136705842857
222.323,0.07737590836406794,0.07737590836406794
222.324,0.07358963515701711,0.07358963515701711
222.325,0.056202031845158595,0.056202031845158595
222.326,0.02779450730452737,0.02779450730452737
222.327,0.0069702256959334186,-0.0069702256959334186
222.328,0.04224432860136007,-0.04224432860136007
222.329,0.07213858734656198,-0.07213858734656198
222.33,0.0918510816066126,-0.0918510816066126
222.331,0.09853399999185075,-0.09853399999185075
222.332,0.09172884464056608,-0.09172884464056608
222.333,0.07331197050584581,-0.07331197050584581
222.334,0.04700523069156515,-0.04700523069156515
222.335,0.017591093764951604,-0.017591093764951604
222.336,0.009988597334269489,0.009988597334269489
222.337,0.03147672102747068,0.03147672102747068
222.338,0.043953159091991045,0.043953159091991045
222.339,0.04621436118047906,0.04621436118047906
222.34,0.038851688026721565,0.038851688026721565
222.341,0.024042146623437066,0.024042146623437066
222.342,0.005096436303352991,0.005096436303352991
222.343,0.01416569201329454,-0.01416569201329454
222.344,0.03011968828155065,-0.03011968828155065
222.345,0.04000680861848804,-0.04000680861848804
222.346,0.042447851528278235,-0.042447851528278235
222.347,0.03768791401281635,-0.03768791401281635
222.348,0.027500551461175915,-0.027500551461175915
222.349,0.014748994454565456,-0.014748994454565456
222.35,0.0026871685210589913,-0.0026871685210589913
222.351,0.005839328706207292,0.005839328706207292
222.352,0.009089380715641582,0.009089380715641582
222.353,0.0068289050365448745,0.0068289050365448745
222.354,0.0003205473650913504,0.0003205473650913504
222.355,0.008103921520322022,-0.008103921520322022
222.356,0.01576801536870054,-0.01576801536870054
222.357,0.020456691490166157,-0.020456691490166157
222.358,0.021058741838195227,-0.021058741838195227
222.359,0.017847718349273345,-0.017847718349273345
222.36,0.012317698882136519,-0.012317698882136519
222.361,0.006634515237250116,-0.006634515237250116
222.362,0.0028894600593244446,-0.0028894600593244446
222.363,0.0024070382931465906,-0.0024070382931465906
222.364,0.005337398367321833,-0.005337398367321833
222.365,0.010663649239489703,-0.010663649239489703
222.366,0.016608790197722767,-0.016608790197722767
222.367,0.02128771601967605,-0.02128771601967605
222.368,0.023366550028842248,-0.023366550028842248
222.369,0.022494535539650085,-0.022494535539650085
222.37,0.019361817425803896,-0.019361817425803896
222.371,0.015377218527971359,-0.015377218527971359
222.372,0.012101252240120153,-0.012101252240120153
222.373,0.010658201387472643,-0.010658201387472643
222.374,0.011353550912552857,-0.011353550912552857
222.375,0.013638217761715143,-0.013638217761715143
222.376,0.0164211968717759,-0.0164211968717759
222.377,0.0185915631334026,-0.0185915631334026
222.378,0.019524797283528073,-0.019524797283528073
222.379,0.019352614171667337,-0.019352614171667337
222.38,0.01887080065758906,-0.01887080065758906
222.381,0.01911083220483456,-0.01911083220483456
222.382,0.020749296899859715,-0.020749296899859715
222.383,0.023613829817918375,-0.023613829817918375
222.384,0.02652683513515841,-0.02652683513515841
222.385,0.027608575191154117,-0.027608575191154117
222.386,0.024979637318543357,-0.024979637318543357
222.387,0.017627005876440505,-0.017627005876440505
222.388,0.00609833533294768,-0.00609833533294768
222.389,0.007288346186579808,0.007288346186579808
222.39,0.01888478936285498,0.01888478936285498
222.391,0.024740331183179975,0.024740331183179975
222.392,0.021926220122628015,0.021926220122628015
222.393,0.00972007373456174,0.00972007373456174
222.394,0.009786867290657364,-0.009786867290657364
222.395,0.03194139027959675,-0.03194139027959675
222.396,0.050651761939225604,-0.050651761939225604
222.397,0.060100526516768116,-0.060100526516768116
222.398,0.05654348324924141,-0.05654348324924141
222.399,0.03962614839407275,-0.03962614839407275
222.4,0.012769319253478906,-0.012769319253478906
222.401,0.017550452829839802,0.017550452829839802
222.402,0.04345728837352425,0.04345728837352425
222.403,0.05780197468254755,0.05780197468254755
222.404,0.05613388992798796,0.05613388992798796
222.405,0.03793519349625285,0.03793519349625285
222.406,0.006758397672163463,0.006758397672163463
222.407,0.03075502276894415,-0.03075502276894415
222.408,0.0666589844901696,-0.0666589844901696
222.409,0.09374348863504556,-0.09374348863504556
222.41,0.10723409128284944,-0.10723409128284944
222.411,0.10569189180035532,-0.10569189180035532
222.412,0.09093205825594597,-0.09093205825594597
222.413,0.06709481863816968,-0.06709481863816968
222.414,0.039251617120356186,-0.039251617120356186
222.415,0.012031729197822139,-0.012031729197822139
222.416,0.01131377694773783,0.01131377694773783
222.417,0.029197261113193873,0.029197261113193873
222.418,0.04137226446183084,0.04137226446183084
222.419,0.048261240046021614,0.048261240046021614
222.42,0.05028676653866415,0.05028676653866415
222.421,0.04751001615477901,0.04751001615477901
222.422,0.03971296475618846,0.03971296475618846
222.423,0.02684777518841197,0.02684777518841197
222.424,0.00960483608967766,0.00960483608967766
222.425,0.010211396937037098,-0.010211396937037098
222.426,0.02973814971900013,-0.02973814971900013
222.427,0.04560469106071119,-0.04560469106071119
222.428,0.05482944277735213,-0.05482944277735213
222.429,0.055755076825962036,-0.055755076825962036
222.43,0.04866784502167709,-0.04866784502167709
222.431,0.03583997049890775,-0.03583997049890775
222.432,0.020932712731202896,-0.020932712731202896
222.433,0.007929675701539463,-0.007929675701539463
222.434,5.2230688377452594e-05,5.2230688377452594e-05
222.435,0.0016715484936249414,0.0016715484936249414
222.436,0.002321001673272205,-0.002321001673272205
222.437,0.009463629826392816,-0.009463629826392816
222.438,0.016521705132606312,-0.016521705132606312
222.439,0.020645739998298884,-0.020645739998298884
222.44,0.020337636201088194,-0.020337636201088194
222.441,0.015889591161093564,-0.015889591161093564
222.442,0.009157764071100472,-0.009157764071100472
222.443,0.0027786736946555646,-0.0027786736946555646
222.444,0.0008613020559744555,0.0008613020559744555
222.445,0.00050932588227659,0.00050932588227659
222.446,0.00354589756113588,-0.00354589756113588
222.447,0.009680631814943719,-0.009680631814943719
222.448,0.015656249940236622,-0.015656249940236622
222.449,0.019553448467008572,-0.019553448467008572
222.45,0.02054020945262447,-0.02054020945262447
222.451,0.01916201428795694,-0.01916201428795694
222.452,0.017035416317248586,-0.017035416317248586
222.453,0.016068347667733462,-0.016068347667733462
222.454,0.01752787180654103,-0.01752787180654103
222.455,0.02134952131564316,-0.02134952131564316
222.456,0.025999333773001898,-0.025999333773001898
222.457,0.028987781646338973,-0.028987781646338973
222.458,0.02787265498451763,-0.02787265498451763
222.459,0.021376602535930544,-0.021376602535930544
222.46,0.010169718364337,-0.010169718364337
222.461,0.0030354294723149433,0.0030354294723149433
222.462,0.014187893823278674,0.014187893823278674
222.463,0.01921264963817304,0.01921264963817304
222.464,0.015497318014247696,0.015497318014247696
222.465,0.0030130776999337527,0.0030130776999337527
222.466,0.015374755031633214,-0.015374755031633214
222.467,0.03458741382416264,-0.03458741382416264
222.468,0.04884016699219229,-0.04884016699219229
222.469,0.05350667519078267,-0.05350667519078267
222.47,0.04671697320488177,-0.04671697320488177
222.471,0.03012610852682107,-0.03012610852682107
222.472,0.008551297162530336,-0.008551297162530336
222.473,0.011448246491269964,0.011448246491269964
222.474,0.02361144306557028,0.02361144306557028
222.475,0.023975226538360817,0.023975226538360817
222.476,0.012172193513977803,0.012172193513977803
222.477,0.008411786464742055,-0.008411786464742055
222.478,0.03168171273664855,-0.03168171273664855
222.479,0.05074079544796095,-0.05074079544796095
222.48,0.06003524693028883,-0.06003524693028883
222.481,0.05703535357041589,-0.05703535357041589
222.482,0.04291354916537793,-0.04291354916537793
222.483,0.022022756322387482,-0.022022756322387482
222.484,0.00038254254682656974,-0.00038254254682656974
222.485,0.016292763298072277,0.016292763298072277
222.486,0.024352020623558568,0.024352020623558568
222.487,0.02317445037292032,0.02317445037292032
222.488,0.01505981552886615,0.01505981552886615
222.489,0.004136524627431637,0.004136524627431637
222.49,0.005280544464919434,-0.005280544464919434
222.491,0.01027480763163513,-0.01027480763163513
222.492,0.010290650921368716,-0.010290650921368716
222.493,0.00715098735534847,-0.00715098735534847
222.494,0.004156950660399672,-0.004156950660399672
222.495,0.004629333765736043,-0.004629333765736043
222.496,0.01044805436859697,-0.01044805436859697
222.497,0.021139549175794192,-0.021139549175794192
222.498,0.033858429168510784,-0.033858429168510784
222.499,0.04428455590954239,-0.04428455590954239
222.5,0.04812706517104037,-0.04812706517104037
222.501,0.042709188779692764,-0.042709188779692764
222.502,0.028076646086515167,-0.028076646086515167
222.503,0.007235461095643325,-0.007235461095643325
222.504,0.014578122643153835,0.014578122643153835
222.505,0.0313677458050039,0.0313677458050039
222.506,0.03811757326145648,0.03811757326145648
222.507,0.03225535979758387,0.03225535979758387
222.508,0.014394471576159473,0.014394471576159473
222.509,0.011844041286111162,-0.011844041286111162
222.51,0.040832686088439485,-0.040832686088439485
222.511,0.06642021126581454,-0.06642021126581454
222.512,0.08343657113834801,-0.08343657113834801
222.513,0.08880005483347408,-0.08880005483347408
222.514,0.08197438515209077,-0.08197438515209077
222.515,0.06475091685849987,-0.06475091685849987
222.516,0.04053435415547291,-0.04053435415547291
222.517,0.013423459969277074,-0.013423459969277074
222.518,0.012625343559282909,0.012625343559282909
222.519,0.034364298502798984,0.034364298502798984
222.52,0.04950763014164239,0.04950763014164239
222.521,0.05675302955414452,0.05675302955414452
222.522,0.05570884031892609,0.05570884031892609
222.523,0.04683973387111884,0.04683973387111884
222.524,0.03146153251928885,0.03146153251928885
222.525,0.011724668598224186,0.011724668598224186
222.526,0.0095240598077867,-0.0095240598077867
222.527,0.029090637567433797,-0.029090637567433797
222.528,0.04399570332279035,-0.04399570332279035
222.529,0.05213503973094202,-0.05213503973094202
222.53,0.052834975111876736,-0.052834975111876736
222.531,0.04708382641531483,-0.04708382641531483
222.532,0.03729918172449709,-0.03729918172449709
222.533,0.02664314123595113,-0.02664314123595113
222.534,0.01806923917308767,-0.01806923917308767
222.535,0.013407200246595141,-0.013407200246595141
222.536,0.012809711871059837,-0.012809711871059837
222.537,0.014780758381761516,-0.014780758381761516
222.538,0.016806856198443798,-0.016806856198443798
222.539,0.016389276556114107,-0.016389276556114107
222.54,0.01211091743519499,-0.01211091743519499
222.541,0.004333422644553275,-0.004333422644553275
222.542,0.004767663196777905,0.004767663196777905
222.543,0.011891298953556673,0.011891298953556673
222.544,0.013814407577474652,0.013814407577474652
222.545,0.008691292839171583,0.008691292839171583
222.546,0.0030383265891971156,-0.0030383265891971156
222.547,0.01851116689778254,-0.01851116689778254
222.548,0.03319374501706118,-0.03319374501706118
222.549,0.04232943622610874,-0.04232943622610874
222.55,0.042612581077818734,-0.042612581077818734
222.551,0.03350566470515137,-0.03350566470515137
222.552,0.017700827806647834,-0.017700827806647834
222.553,0.0004953278525036131,-0.0004953278525036131
222.554,0.011783930338735704,0.011783930338735704
222.555,0.013833384936242199,0.013833384936242199
222.556,0.0032386536884452255,0.0032386536884452255
222.557,0.018483049588007172,-0.018483049588007172
222.558,0.046053696629733576,-0.046053696629733576
222.559,0.07182094926094007,-0.07182094926094007
222.56,0.08796275747541671,-0.08796275747541671
222.561,0.08883438711685898,-0.08883438711685898
222.562,0.0727219082076489,-0.0727219082076489
222.563,0.04244640539493494,-0.04244640539493494
222.564,0.004625552235608454,-0.004625552235608454
222.565,0.032176163899400034,0.032176163899400034
222.566,0.0598307998188532,0.0598307998188532
222.567,0.07283088016374761,0.07283088016374761
222.568,0.06962439198783565,0.06962439198783565
222.569,0.052740481948014395,0.052740481948014395
222.57,0.027739128679107994,0.027739128679107994
222.571,0.0013831374769979199,0.0013831374769979199
222.572,0.020351608694915035,-0.020351608694915035
222.573,0.033806291762764284,-0.033806291762764284
222.574,0.038285385494870816,-0.038285385494870816
222.575,0.03571633359238002,-0.03571633359238002
222.576,0.02955018886112859,-0.02955018886112859
222.577,0.023356844228064055,-0.023356844228064055
222.578,0.019620797136793433,-0.019620797136793433
222.579,0.019117084692980124,-0.019117084692980124
222.58,0.021000495265067753,-0.021000495265067753
222.581,0.02347167960925267,-0.02347167960925267
222.582,0.024690338361578856,-0.024690338361578856
222.583,0.023552889085787565,-0.023552889085787565
222.584,0.020048374132833557,-0.020048374132833557
222.585,0.015104022258038419,-0.015104022258038419
222.586,0.010047501173015894,-0.010047501173015894
222.587,0.005960937296474844,-0.005960937296474844
222.588,0.0032272400976890436,-0.0032272400976890436
222.589,0.0014677337824200443,-0.0014677337824200443
222.59,0.00011226842701228534,0.00011226842701228534
222.591,0.0021392545592109347,0.0021392545592109347
222.592,0.00453022854084395,0.00453022854084395
222.593,0.00626774119685769,0.00626774119685769
222.594,0.005638091920734611,0.005638091920734611
222.595,0.000884544859792058,0.000884544859792058
222.596,0.008957934668141654,-0.008957934668141654
222.597,0.02337979346352581,-0.02337979346352581
222.598,0.04016998802252392,-0.04016998802252392
222.599,0.05579685646206345,-0.05579685646206345
222.6,0.0663272399995748,-0.0663272399995748
222.601,0.0686063010433614,-0.0686063010433614
222.602,0.06130515493759503,-0.06130515493759503
222.603,0.04546718076838907,-0.04546718076838907
222.604,0.02434208593998466,-0.02434208593998466
222.605,0.00253494133530785,-0.00253494133530785
222.606,0.01526916600119721,0.01526916600119721
222.607,0.02559914441854616,0.02559914441854616
222.608,0.027099990934314366,0.027099990934314366
222.609,0.020768788006029437,0.020768788006029437
222.61,0.00947824211757875,0.00947824211757875
222.611,0.0030214569240678557,-0.0030214569240678557
222.612,0.013269108527345752,-0.013269108527345752
222.613,0.019040931006320427,-0.019040931006320427
222.614,0.01979754641897724,-0.01979754641897724
222.615,0.016541792677981504,-0.016541792677981504
222.616,0.011212282598928813,-0.011212282598928813
222.617,0.005888236041081019,-0.005888236041081019
222.618,0.002117180171614108,-0.002117180171614108
222.619,0.0005918286457204935,-0.0005918286457204935
222.62,0.0012360382722823582,-0.0012360382722823582
222.621,0.003582703800562914,-0.003582703800562914
222.622,0.007211299934477888,-0.007211299934477888
222.623,0.012005277137908887,-0.012005277137908887
222.624,0.0180906083957465,-0.0180906083957465
222.625,0.025482275259970155,-0.025482275259970155
222.626,0.03362368318748754,-0.03362368318748754
222.627,0.0410845509249701,-0.0410845509249701
222.628,0.04564553155475026,-0.04564553155475026
222.629,0.04485014246581487,-0.04485014246581487
222.63,0.0369005990776381,-0.0369005990776381
222.631,0.021595007524146115,-0.021595007524146115
222.632,0.000926187728894301,-0.000926187728894301
222.633,0.02097062088774293,0.02097062088774293
222.634,0.03863417642858624,0.03863417642858624
222.635,0.046702188492381946,0.046702188492381946
222.636,0.04154696168175831,0.04154696168175831
222.637,0.022600286309262474,0.022600286309262474
222.638,0.007103925525847377,-0.007103925525847377
222.639,0.041422131636459913,-0.041422131636459913
222.64,0.07256009876613656,-0.07256009876613656
222.641,0.09311083764840444,-0.09311083764840444
222.642,0.09807759706706443,-0.09807759706706443
222.643,0.0862684479116389,-0.0862684479116389
222.644,0.06062900161188434,-0.06062900161188434
222.645,0.027404015558933126,-0.027404015558933126
222.646,0.005618290606981491,0.005618290606981491
222.647,0.0312430452941157,0.0312430452941157
222.648,0.04474175072277187,0.04474175072277187
222.649,0.04491571850396636,0.04491571850396636
222.65,0.03407525286161528,0.03407525286161528
222.651,0.017010080264563632,0.017010080264563632
222.652,0.0006619383245372035,-0.0006619383245372035
222.653,0.014209434812689548,-0.014209434812689548
222.654,0.021027057082906753,-0.021027057082906753
222.655,0.021057065630516236,-0.021057065630516236
222.656,0.016346660898789445,-0.016346660898789445
222.657,0.009985878583547714,-0.009985878583547714
222.658,0.004857362300322299,-0.004857362300322299
222.659,0.0026529277479628854,-0.0026529277479628854
222.66,0.0034744332679671475,-0.0034744332679671475
222.661,0.006096761860529654,-0.006096761860529654
222.662,0.008720860219194604,-0.008720860219194604
222.663,0.009875876378342974,-0.009875876378342974
222.664,0.009098653606812612,-0.009098653606812612
222.665,0.007130012747487258,-0.007130012747487258
222.666,0.005571648857791933,-0.005571648857791933
222.667,0.006163756257093533,-0.006163756257093533
222.668,0.009989100191199807,-0.009989100191199807
222.669,0.016931146200967362,-0.016931146200967362
222.67,0.0256074773255065,-0.0256074773255065
222.671,0.033809298433615576,-0.033809298433615576
222.672,0.03927843075971271,-0.03927843075971271
222.673,0.04052171531883164,-0.04052171531883164
222.674,0.0373487291249881,-0.0373487291249881
222.675,0.03092614624647627,-0.03092614624647627
222.676,0.023328556492156927,-0.023328556492156927
222.677,0.01675903528646394,-0.01675903528646394
222.678,0.012739166898039223,-0.012739166898039223
222.679,0.011579525957700287,-0.011579525957700287
222.68,0.012333767116775807,-0.012333767116775807
222.681,0.013253611502204499,-0.013253611502204499
222.682,0.012568733612598026,-0.012568733612598026
222.683,0.009288162846834203,-0.009288162846834203
222.684,0.0037068415974989,-0.0037068415974989
222.685,0.0025919454021294808,0.0025919454021294808
222.686,0.007259705645770165,0.007259705645770165
222.687,0.008053711392496332,0.008053711392496332
222.688,0.003741478070780735,0.003741478070780735
222.689,0.005298629473549976,-0.005298629473549976
222.69,0.017018036706412998,-0.017018036706412998
222.691,0.028229474037839375,-0.028229474037839375
222.692,0.03557051318252591,-0.03557051318252591
222.693,0.036585268915072744,-0.036585268915072744
222.694,0.030563554080749733,-0.030563554080749733
222.695,0.018853912843636467,-0.018853912843636467
222.696,0.004540155815192404,-0.004540155815192404
222.697,0.00842059521600147,0.00842059521600147
222.698,0.016328292492471697,0.016328292492471697
222.699,0.0167897430354349,0.0167897430354349
222.7,0.009375559661421562,0.009375559661421562
222.701,0.004293121561019131,-0.004293121561019131
222.702,0.021022769141582187,-0.021022769141582187
222.703,0.03691735725592904,-0.03691735725592904
222.704,0.04836772553699187,-0.04836772553699187
222.705,0.05288297459419844,-0.05288297459419844
222.706,0.04956678110794488,-0.04956678110794488
222.707,0.03917025890306425,-0.03917025890306425
222.708,0.023780896613106894,-0.023780896613106894
222.709,0.006291759833157773,-0.006291759833157773
222.71,0.010184091724048994,0.010184091724048994
222.711,0.02282581326661326,0.02282581326661326
222.712,0.029482263844569756,0.029482263844569756
222.713,0.028915304915267948,0.028915304915267948
222.714,0.02093967140086561,0.02093967140086561
222.715,0.006481324657016785,0.006481324657016785
222.716,0.012457982010446456,-0.012457982010446456
222.717,0.032974381625968885,-0.032974381625968885
222.718,0.051621325460795564,-0.051621325460795564
222.719,0.06496300252349108,-0.06496300252349108
222.72,0.07025686350826921,-0.07025686350826921
222.721,0.0661217067108717,-0.0661217067108717
222.722,0.053000631272933085,-0.053000631272933085
222.723,0.033242401676588096,-0.033242401676588096
222.724,0.010708882098251937,-0.010708882098251937
222.725,0.010049138520604739,0.010049138520604739
222.726,0.024862739613540352,0.024862739613540352
222.727,0.03097787235553806,0.03097787235553806
222.728,0.02775078884185289,0.02775078884185289
222.729,0.016788508880189346,0.016788508880189346
222.73,0.001476466741954674,0.001476466741954674
222.731,0.013977569101237375,-0.013977569101237375
222.732,0.025702111453507093,-0.025702111453507093
222.733,0.031177503183541844,-0.031177503183541844
222.734,0.029810055347868625,-0.029810055347868625
222.735,0.02291096853149399,-0.02291096853149399
222.736,0.013119523774121622,-0.013119523774121622
222.737,0.003486163278067056,-0.003486163278067056
222.738,0.003469898824090656,0.003469898824090656
222.739,0.006424532509176073,0.006424532509176073
222.74,0.005443794134379232,0.005443794134379232
222.741,0.0016939527905914797,0.0016939527905914797
222.742,0.003179548709649538,-0.003179548709649538
222.743,0.007744373467496124,-0.007744373467496124
222.744,0.011279659330771241,-0.011279659330771241
222.745,0.013908597760914465,-0.013908597760914465
222.746,0.016346750736988214,-0.016346750736988214
222.747,0.019401059846717916,-0.019401059846717916
222.748,0.023449111354026386,-0.023449111354026386
222.749,0.028128748515938384,-0.028128748515938384
222.75,0.03237609798031249,-0.03237609798031249
222.751,0.03480298141655036,-0.03480298141655036
222.752,0.03426134477318199,-0.03426134477318199
222.753,0.030360114088650803,-0.030360114088650803
222.754,0.02371233413600693,-0.02371233413600693
222.755,0.015794036745584328,-0.015794036745584328
222.756,0.008451358336290182,-0.008451358336290182
222.757,0.0032381504874090528,-0.0032381504874090528
222.758,0.0008441014546506365,-0.0008441014546506365
222.759,0.0008497905422106822,-0.0008497905422106822
222.76,0.0019255667899733542,-0.0019255667899733542
222.761,0.0024189367107959603,-0.0024189367107959603
222.762,0.0011157013131914972,-0.0011157013131914972
222.763,0.0021235637576026978,0.0021235637576026978
222.764,0.00612164972763507,0.00612164972763507
222.765,0.008672201285695236,0.008672201285695236
222.766,0.007295554232153112,0.007295554232153112
222.767,0.00021700434843285876,0.00021700434843285876
222.768,0.012782302510742749,-0.012782302510742749
222.769,0.0299716468186374,-0.0299716468186374
222.77,0.04792140528397104,-0.04792140528397104
222.771,0.06236678698089304,-0.06236678698089304
222.772,0.06943473740516581,-0.06943473740516581
222.773,0.06684399862686008,-0.06684399862686008
222.774,0.05467918662599358,-0.05467918662599358
222.775,0.03546863191627847,-0.03546863191627847
222.776,0.013520751258121355,-0.013520751258121355
222.777,0.0062816866291579565,0.0062816866291579565
222.778,0.019850258868426396,0.019850258868426396
222.779,0.02499075622944602,0.02499075622944602
222.78,0.02189497597527823,0.02189497597527823
222.781,0.012890355923272256,0.012890355923272256
222.782,0.0015595543349193886,0.0015595543349193886
222.783,0.008455769399396074,-0.008455769399396074
222.784,0.014562997921179655,-0.014562997921179655
222.785,0.01588495082379049,-0.01588495082379049
222.786,0.013299935414630593,-0.013299935414630593
222.787,0.008894879890736562,-0.008894879890736562
222.788,0.005069843831330245,-0.005069843831330245
222.789,0.0036367585293463067,-0.0036367585293463067
222.79,0.005232453476708199,-0.005232453476708199
222.791,0.009229768951630746,-0.009229768951630746
222.792,0.014135309765000326,-0.014135309765000326
222.793,0.018282205637668025,-0.018282205637668025
222.794,0.02052703501048958,-0.02052703501048958
222.795,0.020675570261791343,-0.020675570261791343
222.796,0.019482088639579453,-0.019482088639579453
222.797,0.018242541707619964,-0.018242541707619964
222.798,0.018164051249718538,-0.018164051249718538
222.799,0.019779761946157604,-0.019779761946157604
222.8,0.022656796647668398,-0.022656796647668398
222.801,0.02552549031446405,-0.02552549031446405
222.802,0.02678746921191333,-0.02678746921191333
222.803,0.02520511567161643,-0.02520511567161643
222.804,0.020496020890182542,-0.020496020890182542
222.805,0.013584527963479198,-0.013584527963479198
222.806,0.006388673948430901,-0.006388673948430901
222.807,0.001197573636190441,-0.001197573636190441
222.808,0.000145308882417039,0.000145308882417039
222.809,0.0030451825227655327,-0.0030451825227655327
222.81,0.009957909919971253,-0.009957909919971253
222.811,0.01846328500259664,-0.01846328500259664
222.812,0.025763445577136168,-0.025763445577136168
222.813,0.029299015761566127,-0.029299015761566127
222.814,0.027600390827404064,-0.027600390827404064
222.815,0.02078701351358392,-0.02078701351358392
222.816,0.010540399054569494,-0.010540399054569494
222.817,0.0004384644321955289,0.0004384644321955289
222.818,0.009296265682297467,0.009296265682297467
222.819,0.013917116614820646,0.013917116614820646
222.82,0.013531043334906512,0.013531043334906512
222.821,0.008843850763512684,0.008843850763512684
222.822,0.0016657783904612256,0.0016657783904612256
222.823,0.005805017324623352,-0.005805017324623352
222.824,0.011770639568874142,-0.011770639568874142
222.825,0.015405024907649056,-0.015405024907649056
222.826,0.017011846434415445,-0.017011846434415445
222.827,0.017732963362279253,-0.017732963362279253
222.828,0.018941854290014604,-0.018941854290014604
222.829,0.02157213188594831,-0.02157213188594831
222.83,0.025650076213476147,-0.025650076213476147
222.831,0.030216556697033603,-0.030216556697033603
222.832,0.03367049092880059,-0.03367049092880059
222.833,0.03440159958569555,-0.03440159958569555
222.834,0.03146682810500112,-0.03146682810500112
222.835,0.02504503371625777,-0.02504503371625777
222.836,0.0164856797686036,-0.0164856797686036
222.837,0.007918813776776612,-0.007918813776776612
222.838,0.0015587643754044755,-0.0015587643754044755
222.839,0.0010489749847122365,0.0010489749847122365
222.84,0.00043694216052669876,-0.00043694216052669876
222.841,0.005034494566536374,-0.005034494566536374
222.842,0.01078361288500651,-0.01078361288500651
222.843,0.015436192630452483,-0.015436192630452483
222.844,0.017245890920130624,-0.017245890920130624
222.845,0.015576574370578244,-0.015576574370578244
222.846,0.01111378568261312,-0.01111378568261312
222.847,0.005606508842953772,-0.005606508842953772
222.848,0.001234545737252346,-0.001234545737252346
222.849,0.00017093672485013478,0.00017093672485013478
222.85,0.0022230989745058993,-0.0022230989745058993
222.851,0.007958477149800691,-0.007958477149800691
222.852,0.015445390527991876,-0.015445390527991876
222.853,0.022509054710988408,-0.022509054710988408
222.854,0.027123059641161462,-0.027123059641161462
222.855,0.028069031985248905,-0.028069031985248905
222.856,0.025296607174707164,-0.025296607174707164
222.857,0.019871531780389362,-0.019871531780389362
222.858,0.013549693457602485,-0.013549693457602485
222.859,0.008145843558455379,-0.008145843558455379
222.86,0.004931078199465144,-0.004931078199465144
222.861,0.004271392290764564,-0.004271392290764564
222.862,0.005621797917351179,-0.005621797917351179
222.863,0.007854999432873822,-0.007854999432873822
222.864,0.009781387712989198,-0.009781387712989198
222.865,0.010652587706449501,-0.010652587706449501
222.866,0.010455755363018238,-0.010455755363018238
222.867,0.009892078965919704,-0.009892078965919704
222.868,0.010056240859698362,-0.010056240859698362
222.869,0.011947041124180657,-0.011947041124180657
222.87,0.016001130318887502,-0.016001130318887502
222.871,0.021830361423558764,-0.021830361423558764
222.872,0.02826486106214665,-0.02826486106214665
222.873,0.03368931149547627,-0.03368931149547627
222.874,0.036552352602063354,-0.036552352602063354
222.875,0.035867790888780116,-0.035867790888780116
222.876,0.03153250017608156,-0.03153250017608156
222.877,0.024355144889842917,-0.024355144889842917
222.878,0.01579483501493162,-0.01579483501493162
222.879,0.007510147603137174,-0.007510147603137174
222.88,0.0008801135924694226,-0.0008801135924694226
222.881,0.0033405542634126206,0.0033405542634126206
222.882,0.005126871193773086,0.005126871193773086
222.883,0.005035850616234239,0.005035850616234239
222.884,0.0038824423586949486,0.0038824423586949486
222.885,0.0023729545021693443,0.0023729545021693443
222.886,0.0008345231124911034,0.0008345231124911034
222.887,0.0008667176199332882,-0.0008667176199332882
222.888,0.003202547544308376,-0.003202547544308376
222.889,0.0067153090746086,-0.0067153090746086
222.89,0.011716053185788056,-0.011716053185788056
222.891,0.01806339694469339,-0.01806339694469339
222.892,0.025101638994978748,-0.025101638994978748
222.893,0.03177498920175181,-0.03177498920175181
222.894,0.03687301117198949,-0.03687301117198949
222.895,0.03932315600653813,-0.03932315600653813
222.896,0.03844128807883329,-0.03844128807883329
222.897,0.03407758139321726,-0.03407758139321726
222.898,0.026638322343304544,-0.026638322343304544
222.899,0.01700445104596149,-0.01700445104596149
222.9,0.0063894906725205924,-0.0063894906725205924
222.901,0.003822429211861156,0.003822429211861156
222.902,0.01223691023525153,0.01223691023525153
222.903,0.01760837164036766,0.01760837164036766
222.904,0.019008102238439406,0.019008102238439406
222.905,0.01600153359499301,0.01600153359499301
222.906,0.008809029912607791,0.008809029912607791
222.907,0.0016033227658117655,-0.0016033227658117655
222.908,0.013567862800893282,-0.013567862800893282
222.909,0.024940864124614825,-0.024940864124614825
222.91,0.033506152687149626,-0.033506152687149626
222.911,0.037486441048321884,-0.037486441048321884
222.912,0.03603243268676326,-0.03603243268676326
222.913,0.029534767808272466,-0.029534767808272466
222.914,0.01963117448157936,-0.01963117448157936
222.915,0.008860273862741908,-0.008860273862741908
222.916,2.3297910111685916e-05,-2.3297910111685916e-05
222.917,0.004580506806844076,0.004580506806844076
222.918,0.003818556464089573,0.003818556464089573
222.919,0.001925991178010955,-0.001925991178010955
222.92,0.010851124781866783,-0.010851124781866783
222.921,0.020272193024776786,-0.020272193024776786
222.922,0.027445768779527313,-0.027445768779527313
222.923,0.03042637157524941,-0.03042637157524941
222.924,0.0286785896697076,-0.0286785896697076
222.925,0.02323742718983124,-0.02323742718983124
222.926,0.016353398142404107,-0.016353398142404107
222.927,0.01072970872643142,-0.01072970872643142
222.928,0.008598967800678703,-0.008598967800678703
222.929,0.010946859165091305,-0.010946859165091305
222.93,0.017146957401275253,-0.017146957401275253
222.931,0.025136516795941866,-0.025136516795941866
222.932,0.03208180591130727,-0.03208180591130727
222.933,0.035314927157900855,-0.035314927157900855
